goal,a,b,label,edge_type,source,system_tag
eat spicy sushi,drive to sushi restaurant,order some spicy sushi,1,confirmed,confirmed_edge,three_way_probe
plant a tomato plant,Purchase tomato seedling.,Go to nursery,0,reversed,reversed_edge,three_way_probe
do research about dolphins,use the internet to search,find local marine specialists,2,truly_parallel,proscript,three_way_probe
join the tennis team,Buy tennis gear from a sporting goods store.,Find a good tennis court nearby,2,truly_parallel,proscript,three_way_probe
give a new toy,Travel to a store,Figure out which toys the person already has,0,reversed,reversed_edge,three_way_probe
bench press two hundred pounds,set a goal of bench pressing two hundred pounds,drive to sporting goods store,1,confirmed,confirmed_edge,three_way_probe
buy a new television,compare the prices,find the best price for a particular television,1,confirmed,confirmed_edge,three_way_probe
go to the library downtown,check the library's hours online,check the bus schedule online,2,truly_parallel,proscript,three_way_probe
get out of town this past weekend,drive out of town,start the car,0,reversed,reversed_edge,three_way_probe
see a movie,get to the movie theater,hurry up to where the movie is playing,0,reversed,reversed_edge,three_way_probe
get more involved,make time to eat together,talk to the child's teachers,2,truly_parallel,proscript,three_way_probe
wait for a bus,collect the bus pass,Buy a bus pass,0,reversed,reversed_edge,three_way_probe
rent a cabin,go to the internet,research places to rent a cabin,1,confirmed,confirmed_edge,three_way_probe
drink only fresh milk,walk toward refrigerator,walk toward kitchen cabinet,2,truly_parallel,proscript,three_way_probe
have a dog,Pick out a dog,Look at the dogs,0,reversed,reversed_edge,three_way_probe
join a club,Find club hours.,Drive to the next meeting.,1,confirmed,confirmed_edge,three_way_probe
go on a trip,Take time off work.,Purchase plane tickets.,1,confirmed,confirmed_edge,three_way_probe
start the 21 day fix program,Review books online on how to fix the problem,Figure out what needs to be fixed,0,reversed,reversed_edge,three_way_probe
live debt free,"Account for every penny you're spending, daily",Find a way to make extra money,2,truly_parallel,proscript,three_way_probe
get a new hat,walk up to front door of house.,walk out to car.,1,confirmed,confirmed_edge,three_way_probe
get more involved,make time to eat together,join a group of other parents,2,truly_parallel,proscript,three_way_probe
cook Thanksgiving dinner,unwrap the turkey,put the turkey in a pan,1,confirmed,confirmed_edge,three_way_probe
build a giant snowman,get dressed in warm clothes,"Get a scarf, a carrot, and rocks",2,truly_parallel,proscript,three_way_probe
go to clown school,Drive to clown school.,Attend clown school classes.,1,confirmed,confirmed_edge,three_way_probe
read a book for class,Read the book,Receive the book in the mail,0,reversed,reversed_edge,three_way_probe
get a nice gold ring for cheap,sit down at computer,decide to get a nice gold ring for cheap,0,reversed,reversed_edge,three_way_probe
purchase a new car,call to arrange meeting at car dealer,research cars on line,0,reversed,reversed_edge,three_way_probe
visit the beach,Pack a cooler of drinks and snacks.,Pack a beach bag with supplies.,2,truly_parallel,proscript,three_way_probe
buy a new television,look at the reviews on the website,find the best price for a particular television,0,reversed,reversed_edge,three_way_probe
find a wife,visit social media sites like Facebook and Instagram,visit sites offering foreign brides,2,truly_parallel,proscript,three_way_probe
pry open a frozen car door,Obtain water bottle,Pour water on frozen door to loosen,1,confirmed,confirmed_edge,three_way_probe
go fishing anymore,Buy fishing equipment,Find a body of water nearby,2,truly_parallel,proscript,three_way_probe
go in the navy,Call a recruiter,Set an appointment,1,confirmed,confirmed_edge,three_way_probe
make some brownies,Use a beater to mix together the ingredients,Put all of the ingredients into the bowl,0,reversed,reversed_edge,three_way_probe
find a wife,visit sites offering foreign brides,visit social media sites like Facebook and Instagram,2,truly_parallel,proscript,three_way_probe
audition for the school play,Practice reading lines before bed,Get script to practice,0,reversed,reversed_edge,three_way_probe
make Kool Aid to cool down,fill the pitcher with water,empty the packet of kool-aid into the pitcher,2,truly_parallel,proscript,three_way_probe
try something new,Decide which activities on the list are the most appealing.,Make a list of all untried activities.,0,reversed,reversed_edge,three_way_probe
learn how to line dance,Learn to love country music,Watch other dancers,1,confirmed,confirmed_edge,three_way_probe
build a snowman,put on hat,put on gloves,2,truly_parallel,proscript,three_way_probe
learn how to dunk,Open equipment and start practicing,Wait for the equipment to arrive,0,reversed,reversed_edge,three_way_probe
take up boxing so bad,Travel to gym.,Meet with trainer.,1,confirmed,confirmed_edge,three_way_probe
see a football game,Choose a seat in the stands,Wait for the game to start,1,confirmed,confirmed_edge,three_way_probe
throw the best Halloween party,print out invitations on festive paper,purchase assorted scary decorations,2,truly_parallel,proscript,three_way_probe
pry open a frozen car door,Pour water on frozen door to loosen,Hit ice with crow bar,1,confirmed,confirmed_edge,three_way_probe
form a gang,find a people from same side of the tracks,find a bunch of friends with the same creed,2,truly_parallel,proscript,three_way_probe
get more involved,join a group of other parents,be on the lookout for unexplained shifts in behavior,2,truly_parallel,proscript,three_way_probe
purchase new living room furniture,put on shoes,look up IKEA's hours online,2,truly_parallel,proscript,three_way_probe
go on a hike,Get in the car,Put on hiking boots,0,reversed,reversed_edge,three_way_probe
go to Hawaii,Go through security and find the correct gate,Pick up the ticket at the airport,0,reversed,reversed_edge,three_way_probe
learn how to rock climb,drive to the rock climbing gym,listen to the instructor,1,confirmed,confirmed_edge,three_way_probe
go back in time,study time travel,create a time machine prototype,1,confirmed,confirmed_edge,three_way_probe
make a living performing,get an agent,make a name performing,0,reversed,reversed_edge,three_way_probe
adopt a cat from the animal shelter,drive to the animal shelter,ask to look at the adoptable cats,1,confirmed,confirmed_edge,three_way_probe
live a healthier lifestyle,throw out all the candy in the house,purchase a selection of fruits,2,truly_parallel,proscript,three_way_probe
build a snowman,put on boots,put on gloves,2,truly_parallel,proscript,three_way_probe
learn more about human anatomy,sit down in a chair at the table,open the book,1,confirmed,confirmed_edge,three_way_probe
have a family dinner,Purchase groceries for dinner,Drive to grocery store,0,reversed,reversed_edge,three_way_probe
learn how to ride a bike,compare the different bikes,drive to the bike shop,0,reversed,reversed_edge,three_way_probe
find the killer for the most recent murder,look over the crime scene,interview the witnesses,2,truly_parallel,proscript,three_way_probe
eat a quick dinner,apply the peanut butter to the bread,take a knife out,0,reversed,reversed_edge,three_way_probe
create a video game,Program the game,Learn to use a language that is used in games,0,reversed,reversed_edge,three_way_probe
have a birthday party,decorate the location for the party,make food for the party,2,truly_parallel,proscript,three_way_probe
start a restaurant,Put tables inside,Hire new staff,1,confirmed,confirmed_edge,three_way_probe
buy a new television,look at the reviews on the website,add television to cart,1,confirmed,confirmed_edge,three_way_probe
learn how to play card games,Purchase a book regarding a specific card game,Look up card games online,0,reversed,reversed_edge,three_way_probe
do many chores,decide to do many chores,sit down at desk,1,confirmed,confirmed_edge,three_way_probe
buy a bike for a long time,Wait for the bike to be delivered,Unpack the bike,1,confirmed,confirmed_edge,three_way_probe
play the piano,set up the sheet music,sit down at the piano,2,truly_parallel,proscript,three_way_probe
build a snowman,put on coat,decide to build a snowman,0,reversed,reversed_edge,three_way_probe
take tap dancing lessons,buy tap shoes for class,register for the tap class,0,reversed,reversed_edge,three_way_probe
learn to knit,Purchase knitting supplies.,Drive home with supplies.,1,confirmed,confirmed_edge,three_way_probe
attract more customers,Record advertising campaign.,Put together ads for customer attraction.,0,reversed,reversed_edge,three_way_probe
build a snowman,put on coat,put on gloves,2,truly_parallel,proscript,three_way_probe
buy some music equipment,Search for music equipment,Specify with music equipment,1,confirmed,confirmed_edge,three_way_probe
make homemade potato chips,thinly slice potatoes,scrub and peel potatoes,0,reversed,reversed_edge,three_way_probe
eat spicy sushi,when order arrives grab chopsticks,use chopsticks to add some wasabi,1,confirmed,confirmed_edge,three_way_probe
get Chinese food,Decide what to order,Call the restaurant,1,confirmed,confirmed_edge,three_way_probe
use social media,Go to app store,Download Facebook from store,1,confirmed,confirmed_edge,three_way_probe
go bike riding,take bike out of garage,open garage door,0,reversed,reversed_edge,three_way_probe
decided on a college soon,Search Internet for colleges.,Schedule a visit to colleges.,1,confirmed,confirmed_edge,three_way_probe
know why religion was so controversial,read news articles about religion,use the internet to research,2,truly_parallel,proscript,three_way_probe
bake some chocolate cookies,find a large mixing bowl,find a large mixing spoon,2,truly_parallel,proscript,three_way_probe
build a snowman,put on hat,put on boots,2,truly_parallel,proscript,three_way_probe
start an apple orchard,purchase a shovel,purchase a long hose,2,truly_parallel,proscript,three_way_probe
go bike riding,close garage door,get on bike,1,confirmed,confirmed_edge,three_way_probe
learn to back flip,Order a trampoline or a foam ball pit.,Set the item up when upon arrival.,1,confirmed,confirmed_edge,three_way_probe
go back to college,See what majors are offered.,Search the Internet for nearby colleges.,0,reversed,reversed_edge,three_way_probe
get a skin peel at a dermatologist office,Check in at office,Wait to be be called by dermatologist,1,confirmed,confirmed_edge,three_way_probe
wear ripped jeans,bring jeans home,purchase new jeans,0,reversed,reversed_edge,three_way_probe
see a new movie,go to the correct theater room,drive to the theater,0,reversed,reversed_edge,three_way_probe
teach horseback riding,Sign up people for the class,Schedule a time,0,reversed,reversed_edge,three_way_probe
ride an elephant,Go online via a computer or phone,Search for locations where elephants can be ridden,1,confirmed,confirmed_edge,three_way_probe
go to a party on Saturday night,park the car,knock on the front door,1,confirmed,confirmed_edge,three_way_probe
write a comic strip about youthful imagination,color the comic strip,write dialogue for the comic strip,2,truly_parallel,proscript,three_way_probe
go back to school,Get list of school supplies needed,Get list of books needed,2,truly_parallel,proscript,three_way_probe
compete in a Tough Mudder race,Train for the race.,Sign the waiver and pay the fee.,0,reversed,reversed_edge,three_way_probe
learn how to rock climb,look online for rock climbing gyms,sign up for beginner's rock climbing,1,confirmed,confirmed_edge,three_way_probe
go to work,grab briefcase and car keys and lock house,brush teeth and wash up,0,reversed,reversed_edge,three_way_probe
visit the beach,Drive to the beach early.,Pack a beach bag with supplies.,0,reversed,reversed_edge,three_way_probe
get unique shoes that would standout at school,sit down at computer,turn on computer,1,confirmed,confirmed_edge,three_way_probe
cut down our own tree,Put on protective eyewear,Pick up a chainsaw,1,confirmed,confirmed_edge,three_way_probe
go to space,apply to join honors program,after high school go to college for bachelors,2,truly_parallel,proscript,three_way_probe
buy a puppy,pay for the dog,take the dog to the cashier,0,reversed,reversed_edge,three_way_probe
play pro basketball,Gain recognition for skills,Work on basketball shots,0,reversed,reversed_edge,three_way_probe
have a family dinner,Call family members,Drive to grocery store,2,truly_parallel,proscript,three_way_probe
go apple picking,Pay to pick apples,Drive to apple orchard,0,reversed,reversed_edge,three_way_probe
get a suit for an upcoming wedding,Try on a few suites.,Go to the changing area.,0,reversed,reversed_edge,three_way_probe
go apple picking,Get a basket to put apples in,Pay to pick apples,0,reversed,reversed_edge,three_way_probe
learn how to do a cartwheel,put on gym clothes,log onto the internet,2,truly_parallel,proscript,three_way_probe
visit the beach,Drive to the beach early.,Find a parking spot.,1,confirmed,confirmed_edge,three_way_probe
have a house party,Make a list of potential guests,Select music for the party,2,truly_parallel,proscript,three_way_probe
get more involved,plan activities together,join a group of other parents,2,truly_parallel,proscript,three_way_probe
build a snowman,put on coat,put on hat,2,truly_parallel,proscript,three_way_probe
do a mac & cheese,boil macaroni noodles,drain macaroni noodles,1,confirmed,confirmed_edge,three_way_probe
learn how to play the violin,practice every day for a couple of years,take more lessons,2,truly_parallel,proscript,three_way_probe
plant an apple tree,buy an apple tree,put apple tree in truck,1,confirmed,confirmed_edge,three_way_probe
open a checking account,fill out required paper work,wait for the bank to process the paperwork,1,confirmed,confirmed_edge,three_way_probe
go on a cruise for vacation,Pay for package,Select a destination,0,reversed,reversed_edge,three_way_probe
try investing money,create a new account,find items to invest in,2,truly_parallel,proscript,three_way_probe
know why religion was so controversial,read news articles about religion,read books on religion,2,truly_parallel,proscript,three_way_probe
take horseback riding lessons,Wear proper clothing,Sign up for lessons online,0,reversed,reversed_edge,three_way_probe
learn to bowl,Get a map of the bowling location,Drive to the bowling class,1,confirmed,confirmed_edge,three_way_probe
make some bath soap last week,wait for soap to cool/become firm,pour ingredient mix into a soap mold.,0,reversed,reversed_edge,three_way_probe
scuba dive in caves,find a body of water,purchase scuba gear,2,truly_parallel,proscript,three_way_probe
learn how to play poker like a professional,play poker for friends for money,practice playing poker with friends for fun,0,reversed,reversed_edge,three_way_probe
learn how to make rice for months,cook all the rice,measure portions according to rice instructions,0,reversed,reversed_edge,three_way_probe
have fresh herbs to enjoy year-round,Purchase seeds for herbs,Purchase Soil for the pot,2,truly_parallel,proscript,three_way_probe
buy a denim jacket,take denim jacket up to counter,pick out the best denim jacket,0,reversed,reversed_edge,three_way_probe
play with dolls,take the dolls home,purchase the dolls,0,reversed,reversed_edge,three_way_probe
find a gym,Open the webpages,Contact gyms with questions,1,confirmed,confirmed_edge,three_way_probe
go pick up groceries for dinner,walk into store,get in car and go to store,0,reversed,reversed_edge,three_way_probe
see Metallica live in concert,research Metallica tour locations,go to internet,0,reversed,reversed_edge,three_way_probe
do well on the upcoming test,Sit down to take the test,Go to the location of the test,0,reversed,reversed_edge,three_way_probe
buy a puppy,choose a dog,play with the dogs,0,reversed,reversed_edge,three_way_probe
throw the best Halloween party,purchase assorted scary decorations,print out invitations on festive paper,2,truly_parallel,proscript,three_way_probe
check out the ice cream shop nearby,get in car.,walk out to car.,0,reversed,reversed_edge,three_way_probe
learn how to make candy,secure the necessary ingredients,begin making candy,1,confirmed,confirmed_edge,three_way_probe
start a website,Research website hosts,Get a working computer,0,reversed,reversed_edge,three_way_probe
learn how to garden,Read the gardening books.,Purchase gardening supplies.,0,reversed,reversed_edge,three_way_probe
go fishing anymore,Buy fishing equipment,Wait for a nice day to go fishing,2,truly_parallel,proscript,three_way_probe
play video games,Pick out a gaming system.,Search the Internet for good games.,1,confirmed,confirmed_edge,three_way_probe
build a swing set in their backyard,follow instructions in assembly guide,round up tools to use,0,reversed,reversed_edge,three_way_probe
get a flu shot,Fill out paperwork.,Wait in the office.,1,confirmed,confirmed_edge,three_way_probe
make a paper plane,sit at the table,place the paper flat on the table,1,confirmed,confirmed_edge,three_way_probe
sit in the front seat of the car,unlock the car door,open the car door,1,confirmed,confirmed_edge,three_way_probe
learn how to play the guitar,Press down strings,watch video lessons,0,reversed,reversed_edge,three_way_probe
swim at a nearby lake,Change into swimsuit,Walk to lake dock,1,confirmed,confirmed_edge,three_way_probe
start the 21 day fix program,Review books online on how to fix the problem,Purchase the necessary book,1,confirmed,confirmed_edge,three_way_probe
raise money for their school club,Find out how much money the club needs.,Think of fundraising ideas.,1,confirmed,confirmed_edge,three_way_probe
sail the seven seas,negotiate a fair deal,ask boat captain to join the crew,0,reversed,reversed_edge,three_way_probe
buy some headphones,enter in credit card details,add the headphones to cart,0,reversed,reversed_edge,three_way_probe
plant seeds after the winter,go into the shed,take seeds home,0,reversed,reversed_edge,three_way_probe
get more involved,ask questions about the child's day,make time to eat together,2,truly_parallel,proscript,three_way_probe
join the basketball team,Contact school for tryout information,Practice skill by performing,1,confirmed,confirmed_edge,three_way_probe
build a snowman,put on coat,put on boots,2,truly_parallel,proscript,three_way_probe
go see the new movie that just came out,present tickets to usher,drive to theater,0,reversed,reversed_edge,three_way_probe
see a Broadway show,Purchase tickets from a broker,Find what shows are in town,0,reversed,reversed_edge,three_way_probe
make some cookies,Bake the cookie dough into cookies,Preheat the oven,0,reversed,reversed_edge,three_way_probe
attend a wine tasting,Search local wine tasting events,Make a reservation,1,confirmed,confirmed_edge,three_way_probe
donate to charity,Decide which charity,Go to the charity's website,1,confirmed,confirmed_edge,three_way_probe
run a computer program,decide which program to run,update computer first,0,reversed,reversed_edge,three_way_probe
build a giant snowman,"Get a scarf, a carrot, and rocks",Put carrot and rocks in center of the small ball,1,confirmed,confirmed_edge,three_way_probe
participate in a chess tournament,find a spot to wait until turn,run through possible strategies,2,truly_parallel,proscript,three_way_probe
borrow a pencil from the teacher,Raise a hand,Wait for the teacher to notice,1,confirmed,confirmed_edge,three_way_probe
get a job delivering papers,call newspapers to follow-up,take part in interview,0,reversed,reversed_edge,three_way_probe
make extra money before college started,Choose a job from offers received,Interview for jobs,0,reversed,reversed_edge,three_way_probe
try investing money,click on the link to the website,create a new account,1,confirmed,confirmed_edge,three_way_probe
learn to knit,Drive to store to purchase supplies.,Purchase knitting supplies.,1,confirmed,confirmed_edge,three_way_probe
take horseback riding lessons,Show up for lessons,Grab the reins,1,confirmed,confirmed_edge,three_way_probe
know why religion was so controversial,read books on religion,talk to local authorities on the matter,2,truly_parallel,proscript,three_way_probe
buy a new laptop,bring laptop to cashier,select laptop to buy,0,reversed,reversed_edge,three_way_probe
buy an XBox 1,read the reviews,watch videos of gameplay,2,truly_parallel,proscript,three_way_probe
start a comic book,Write the story and dialog,Storyboard the story,1,confirmed,confirmed_edge,three_way_probe
bake some chocolate cookies,gather all ingredients together,put all ingredients into bowl and mix,1,confirmed,confirmed_edge,three_way_probe
buy a bike for a long time,Test the bike out to make sure it's good,Unpack the bike,0,reversed,reversed_edge,three_way_probe
try the new frozen yogurt place,make an order,read the menu,0,reversed,reversed_edge,three_way_probe
help raise money for public television,Research how to get involved in a fundraising event,Sign up for an event,1,confirmed,confirmed_edge,three_way_probe
make chicken curry,find the spice aisle,go to the produce department,2,truly_parallel,proscript,three_way_probe
work at a ramen shop,Accept a job offer,Go in for an interview,0,reversed,reversed_edge,three_way_probe
buy a video game,decide on a video game,watch trailers for the video games,0,reversed,reversed_edge,three_way_probe
see SNL while in NYC,Go to the building SNL is in,Stand in line,1,confirmed,confirmed_edge,three_way_probe
collect bacteria samples,label the plastic bag,Close the plastic bag,0,reversed,reversed_edge,three_way_probe
make chicken curry,go to the produce department,get some fresh chicken,2,truly_parallel,proscript,three_way_probe
start a Babysitters Club like in the books,get permission from parents to use house,call friends together with invitations,2,truly_parallel,proscript,three_way_probe
attend gym today,Drive to the gym.,Find one that has compatible hours.,0,reversed,reversed_edge,three_way_probe
wake up early to go fishing,Take a shower to sleep better,Set alarm for early morning,2,truly_parallel,proscript,three_way_probe
start a book club,Tell the friends to join book club.,Find some friends who like books.,0,reversed,reversed_edge,three_way_probe
bench press two hundred pounds,drive home from sporting goods store,purchase weight bench and weight set,0,reversed,reversed_edge,three_way_probe
go to the library downtown,put on shoes and clothing,check the library's hours online,2,truly_parallel,proscript,three_way_probe
do was hit a homerun,swing when ball is thrown,look at the pitcher,0,reversed,reversed_edge,three_way_probe
go on a cruise for vacation,Select a destination,Pay for package,1,confirmed,confirmed_edge,three_way_probe
try investing money,go on to the internet,search for an investment website,1,confirmed,confirmed_edge,three_way_probe
own a dog,shop for pet supplies,shop for pet food,2,truly_parallel,proscript,three_way_probe
buy a guitar,Try out guitars,Choose which one is best,1,confirmed,confirmed_edge,three_way_probe
live a healthier lifestyle,throw out all the snack foods,purchase lean white meats,2,truly_parallel,proscript,three_way_probe
have a nerf gun war,collect the spent toys and put away,shoot at anyone passing by,0,reversed,reversed_edge,three_way_probe
learn figure drawing,Find a pencil,Locate an eraser,2,truly_parallel,proscript,three_way_probe
go fishing anymore,Wait for a nice day to go fishing,Buy fishing equipment,2,truly_parallel,proscript,three_way_probe
learn more about human anatomy,take the book to a table,sit down in a chair at the table,1,confirmed,confirmed_edge,three_way_probe
write a story,Write third draft.,Edit second draft,0,reversed,reversed_edge,three_way_probe
see the natural beauty of Maine,drive toward Maine,drive around the state of Maine,1,confirmed,confirmed_edge,three_way_probe
try every flavor of ice cream at the shop,Speak to attendant,Enter ice cream shop,0,reversed,reversed_edge,three_way_probe
make some cookies,Gather cookie ingredients,Preheat the oven,2,truly_parallel,proscript,three_way_probe
start a book club,Pick a time and a place to meet every week.,Pick out a book to read each week.,2,truly_parallel,proscript,three_way_probe
save one hundred dollars for a vacation,Purchase a package at a discounted rate,Compare the packages,0,reversed,reversed_edge,three_way_probe
play a video game,Buy a video game console,Buy a video game,2,truly_parallel,proscript,three_way_probe
leave the house,Check the mirror,Step outside the home,1,confirmed,confirmed_edge,three_way_probe
try to skateboard,Purchase skateboard online.,Wait for skateboard to arrive.,1,confirmed,confirmed_edge,three_way_probe
see the natural beauty of Maine,get car inspected,take time off from work,2,truly_parallel,proscript,three_way_probe
look good for a dance,Put on makeup,Dry and style hair,2,truly_parallel,proscript,three_way_probe
make chicken noodle soup,turn on the stove,drive back home,0,reversed,reversed_edge,three_way_probe
learn how to do a cartwheel,go into a wide open area,watch instructional videos of how to do a cartwheel,0,reversed,reversed_edge,three_way_probe
buy a puppy,take the dog to the cashier,choose a dog,0,reversed,reversed_edge,three_way_probe
make pasta with fresh mushrooms,drive back home with ingredients,turn on the stove,1,confirmed,confirmed_edge,three_way_probe
wait for a bus,Think of a destination to go to,Buy a bus pass,2,truly_parallel,proscript,three_way_probe
have a sleepover,get parents permission for sleepover,decide to have a sleepover,0,reversed,reversed_edge,three_way_probe
adopt a puppy,browse the dogs for adoption,go to shelter,0,reversed,reversed_edge,three_way_probe
have fresh herbs to enjoy year-round,Purchase Soil for the pot,Buy pots for plants,2,truly_parallel,proscript,three_way_probe
go see the new movie that just came out,book tickets online,look up movie times,0,reversed,reversed_edge,three_way_probe
eat some french fries,drive home from the store,pre-heat the oven,1,confirmed,confirmed_edge,three_way_probe
try wearing ripped jeans,Walk to section jeans are sold,Choose a pair of jeans to try on,1,confirmed,confirmed_edge,three_way_probe
go to the swap shop,pick out the best shop,pull up directions to shop,1,confirmed,confirmed_edge,three_way_probe
learn how to play the violin,take more lessons,practice every day for a couple of years,2,truly_parallel,proscript,three_way_probe
purchase a new car,arrange financing for the car,select car wanted,0,reversed,reversed_edge,three_way_probe
run a computer program,update computer first,turn computer on,0,reversed,reversed_edge,three_way_probe
see a new movie that was coming out,Purchase a ticket online,Show up to showing,1,confirmed,confirmed_edge,three_way_probe
work at a ramen shop,Write a resume,Write a cover letter,2,truly_parallel,proscript,three_way_probe
make a living performing,work for free,decide on a performance,0,reversed,reversed_edge,three_way_probe
have a sleepover,wait for friends to come over,call friends and invite to sleepover,0,reversed,reversed_edge,three_way_probe
make people happy,be aware of persons feelings,see what makes a person happy,1,confirmed,confirmed_edge,three_way_probe
wake up for school,burrow under warm blankets,doze in and out,2,truly_parallel,proscript,three_way_probe
mow the lawn today,check that all the parts are still working,get the lawnmower out of the garage,0,reversed,reversed_edge,three_way_probe
learn how to use chopsticks properly,lower both chopsticks into food,capture food by manipulating between chopsticks,1,confirmed,confirmed_edge,three_way_probe
go on a vacation in another country,Research the country,Talk with travel agent to get a package deal.,2,truly_parallel,proscript,three_way_probe
escape from prison,Get the plans for the prison,Steal a spoon from the cafeteria,2,truly_parallel,proscript,three_way_probe
buy an XBox 1,research the different consoles,watch videos of gameplay,2,truly_parallel,proscript,three_way_probe
learn how to play the guitar,watch video lessons,Get guitar out,2,truly_parallel,proscript,three_way_probe
play the trombone,hold trombone up to lips,blow musical notes through mouthpiece,1,confirmed,confirmed_edge,three_way_probe
go to the forest,Get dressed and eat breakfast.,Look up nearest forest online.,1,confirmed,confirmed_edge,three_way_probe
get another book from the library,get library card,decide which book to borrow,1,confirmed,confirmed_edge,three_way_probe
learn to play the drums,Go to the music store.,Search the internet for lessons.,2,truly_parallel,proscript,three_way_probe
get more involved,join a group of other parents,talk to the child's teachers,2,truly_parallel,proscript,three_way_probe
go to the store,put on shoes,make a list of things to buy,2,truly_parallel,proscript,three_way_probe
learn how to garden,Read the gardening books.,Select a spot for the garden.,1,confirmed,confirmed_edge,three_way_probe
audition for the school play,Practice reading lines with friends,Practice reading lines before bed,2,truly_parallel,proscript,three_way_probe
drink only fresh milk,walk toward kitchen cabinet,open cabinet and grab glass,1,confirmed,confirmed_edge,three_way_probe
take the SATs in order to get into college,go to the room giving the test,sit down at a desk,1,confirmed,confirmed_edge,three_way_probe
take up boxing so bad,Determine nearby gyms.,Pick gym that has boxing instructor.,1,confirmed,confirmed_edge,three_way_probe
try fusion cuisine,Go to a computer,Look up fusion cuisine places nearby,1,confirmed,confirmed_edge,three_way_probe
go to the hardware store for a faucet,drive home from store,buy the faucet,0,reversed,reversed_edge,three_way_probe
bring a family recipe,drive home from grocery store,cook dish according to the recipe,1,confirmed,confirmed_edge,three_way_probe
get more involved,talk to the child's teachers,make time to eat together,2,truly_parallel,proscript,three_way_probe
build a giant snowman,Put the scarf around the connection between the balls,Put carrot and rocks in center of the small ball,2,truly_parallel,proscript,three_way_probe
buy new clothes for the winter,Purchase the cloth,Search the store for winter cloth,0,reversed,reversed_edge,three_way_probe
run a computer program,click the program,let the program start up,1,confirmed,confirmed_edge,three_way_probe
write a book,Pick the topic to write about.,Prepare the work space.,2,truly_parallel,proscript,three_way_probe
get more involved,talk to the child's teachers,ask questions about the child's day,2,truly_parallel,proscript,three_way_probe
bake from scratch,drive back home,buy fresh ingredients,0,reversed,reversed_edge,three_way_probe
buy some music equipment,Go to Amazon.com,Search for music equipment,1,confirmed,confirmed_edge,three_way_probe
build a snowman,put on hat,put on coat,2,truly_parallel,proscript,three_way_probe
get more involved,plan activities together,make time to eat together,2,truly_parallel,proscript,three_way_probe
learn how to do gymnastics,Enroll in class after talking to teacher.,Travel to gym class.,0,reversed,reversed_edge,three_way_probe
see the school counselor,Click on the faculty tab.,Select the school counselors profile.,1,confirmed,confirmed_edge,three_way_probe
go to the theme park,drive to the theme park,find a parking spot,1,confirmed,confirmed_edge,three_way_probe
plant a tomato plant,Purchase tomato seedling.,Purchase potting soil and a pot.,2,truly_parallel,proscript,three_way_probe
get more involved,make time to eat together,be on the lookout for unexplained shifts in behavior,2,truly_parallel,proscript,three_way_probe
attend gym today,Compare gym prices.,Find one that has compatible hours.,2,truly_parallel,proscript,three_way_probe
have a house party,Shop for  refreshments,Clean the house,2,truly_parallel,proscript,three_way_probe
go on vacation after studying hard in college,go online and look at flights,look at hotel prices,2,truly_parallel,proscript,three_way_probe
learn to dance in time for prom,Look up dance teachers online,Contact a good dance teacher,1,confirmed,confirmed_edge,three_way_probe
make pasta with fresh mushrooms,put two pots on the stove,take out a cutting board and knife,2,truly_parallel,proscript,three_way_probe
build a snowman,put on boots,put on hat,2,truly_parallel,proscript,three_way_probe
go wilderness camping,set up camp,go to camping site,0,reversed,reversed_edge,three_way_probe
wait for a bus,collect the bus pass,walk to the bus stop,1,confirmed,confirmed_edge,three_way_probe
build a plane,gather necessary materials,find a space to construct plane,1,confirmed,confirmed_edge,three_way_probe
learn how to play the guitar,keep practicing cords,strum the strings,0,reversed,reversed_edge,three_way_probe
go on the school field trip,Pack a lunch,Fill extra water bottle,2,truly_parallel,proscript,three_way_probe
go to the store,make a list of things to buy,grab car keys,2,truly_parallel,proscript,three_way_probe
go to a live music venue,Leave the house,Put on the clothes,0,reversed,reversed_edge,three_way_probe
see a doctor,enter the hospital,drive to the hospital,0,reversed,reversed_edge,three_way_probe
go to a live music venue,Attend the event,Drive to the event,0,reversed,reversed_edge,three_way_probe
give up chocolate for Lent,Pray and abstain from chocolate,Make a pact with family to stick to the plan.,2,truly_parallel,proscript,three_way_probe
leave the house,Decide where to go,Put outside clothing on,1,confirmed,confirmed_edge,three_way_probe
build a garden last week,shop for different kinds of plants,shop for gardening supplies,2,truly_parallel,proscript,three_way_probe
hear some blues music,get dressed for the concert,find out when the blues venue has shows online,0,reversed,reversed_edge,three_way_probe
learn to play tennis,drive to tennis court,pay for tennis racket and balls,0,reversed,reversed_edge,three_way_probe
scuba dive in caves,purchase scuba gear,find a body of water,2,truly_parallel,proscript,three_way_probe
go fishing anymore,Buy fishing equipment,Travel to the body of water with the fishing equipment,1,confirmed,confirmed_edge,three_way_probe
do research about dolphins,use the internet to search,go to the local library,2,truly_parallel,proscript,three_way_probe
go for a boat ride,secure the trailer to driving vehicle (truck),drive to the lake,1,confirmed,confirmed_edge,three_way_probe
go on the school field trip,Fill extra water bottle,Pack a lunch,2,truly_parallel,proscript,three_way_probe
visit the beach,Pick out a spot on the beach.,Find a parking spot.,0,reversed,reversed_edge,three_way_probe
start a Babysitters Club like in the books,put up flyers around town,perform actual babysitting duties,1,confirmed,confirmed_edge,three_way_probe
take tap dancing lessons,show up for tap lessons,buy tap shoes for class,0,reversed,reversed_edge,three_way_probe
make chicken curry,put the ingredients on the counter,drive back home,0,reversed,reversed_edge,three_way_probe
buy an XBox 1,watch videos of gameplay,research the different consoles,2,truly_parallel,proscript,three_way_probe
expand their business scope,find a school that offers classes,research the credentials needed,2,truly_parallel,proscript,three_way_probe
move into a new apartment,log onto the internet,google apartment listings,1,confirmed,confirmed_edge,three_way_probe
try online dating,make a dating profile,message matches that seem good,1,confirmed,confirmed_edge,three_way_probe
get a six pack,sculpt and tone body as seen fit,attend weekly sessions with trainer,0,reversed,reversed_edge,three_way_probe
go to space,complete honors program,apply to join honors program,0,reversed,reversed_edge,three_way_probe
learn to play a new instrument,go online to research new instruments,buy a new instrument,1,confirmed,confirmed_edge,three_way_probe
start a Notary business,get financing from a bank,find a property to locate the business in,2,truly_parallel,proscript,three_way_probe
eat spicy sushi,use chopsticks to add some wasabi,when order arrives grab chopsticks,0,reversed,reversed_edge,three_way_probe
get across town to the store,put on left sock,put on right sock,2,truly_parallel,proscript,three_way_probe
get their computers ready,Open each computer,Turn on each computer,1,confirmed,confirmed_edge,three_way_probe
start an apple orchard,dig shallow holes,purchase apple seeds,0,reversed,reversed_edge,three_way_probe
go for a trip on an Amtrak train,Walk to train station,Board the train,1,confirmed,confirmed_edge,three_way_probe
go to a concert,Shower and dress up for the event.,Drive to concert hall.,1,confirmed,confirmed_edge,three_way_probe
run a half-marathon,Research good clothes to wear,Find out when a half-marathon is happening,0,reversed,reversed_edge,three_way_probe
make dinner for some guests,Make up a menu.,Write a grocery list.,1,confirmed,confirmed_edge,three_way_probe
get well fast,take the medicine,sleep and relax for a day,1,confirmed,confirmed_edge,three_way_probe
teach horseback riding,Get the horses ready,Wait for people to come to the class,1,confirmed,confirmed_edge,three_way_probe
create a video game,Learn to use an existing game engine,Learn to use a language that is used in games,2,truly_parallel,proscript,three_way_probe
move into a new apartment,find an apartment to visit,google apartment listings,0,reversed,reversed_edge,three_way_probe
head to the park,look up directions to the park,get dress for the park,0,reversed,reversed_edge,three_way_probe
make a keepsake,work on keepsake according to tutorial,put finishing touches on keepsake,1,confirmed,confirmed_edge,three_way_probe
buy a new bike,ask to ride desired bike.,test ride desired bike.,1,confirmed,confirmed_edge,three_way_probe
get more involved,join a group of other parents,plan activities together,2,truly_parallel,proscript,three_way_probe
make some wine,Set the container somewhere dark,Smash and strain grapes into container,0,reversed,reversed_edge,three_way_probe
buy some headphones,watch a video review,look at the headphone reviews,2,truly_parallel,proscript,three_way_probe
make some Popsicles,go to store,buy Popsicle ingredients,1,confirmed,confirmed_edge,three_way_probe
see a new movie that came out,drive to the movie,get snacks on the way,1,confirmed,confirmed_edge,three_way_probe
bake some chocolate cookies,gather all ingredients together,find a large mixing spoon,2,truly_parallel,proscript,three_way_probe
start a book club,Tell the friends to join book club.,Pick out a book to read each week.,1,confirmed,confirmed_edge,three_way_probe
replace a closet door,Buy new door,Go back home,1,confirmed,confirmed_edge,three_way_probe
go apple picking,Drive to apple orchard,Choose an apple orchard,0,reversed,reversed_edge,three_way_probe
open a savings account,Fill out paperwork,Get approved for an account,1,confirmed,confirmed_edge,three_way_probe
learn an instrument,Practice during free time4,Set up materials,0,reversed,reversed_edge,three_way_probe
buy a book,Take the book from the cashier,Take the change from the cashier,2,truly_parallel,proscript,three_way_probe
go on a helicopter ride,Drive to the airport with helicopter,Hand ticket to representative,1,confirmed,confirmed_edge,three_way_probe
start a Babysitters Club like in the books,print out bright colored flyers,get permission from parents to use house,2,truly_parallel,proscript,three_way_probe
purchase a new car,select car wanted,test drive cars,0,reversed,reversed_edge,three_way_probe
learn how to practice ballet,Head to the ballet class,Learn ballet moves from the instructor,1,confirmed,confirmed_edge,three_way_probe
get across town to the store,put on left sock,find socks and shoes,0,reversed,reversed_edge,three_way_probe
go in the navy,Drive to the base,Wait for start date,0,reversed,reversed_edge,three_way_probe
collect bacteria samples,Wear suitable right glove,Wear suitable left glove,2,truly_parallel,proscript,three_way_probe
go to a concert on a school night,Look up concert times,Get permission from parents to be out late,0,reversed,reversed_edge,three_way_probe
make a paper plane,place the paper flat on the table,fold the paper into a plane,1,confirmed,confirmed_edge,three_way_probe
have a dog,Pick out a dog,Put the dog in the car,1,confirmed,confirmed_edge,three_way_probe
take up golfing,Search online for local golf courses.,See what the operational hours are.,1,confirmed,confirmed_edge,three_way_probe
make a new skirt,Pin the skirt together.,Cut out the pattern and material.,0,reversed,reversed_edge,three_way_probe
build a garden last week,shop for gardening supplies,shop for different kinds of plants,2,truly_parallel,proscript,three_way_probe
make some bath soap last week,prepare a workspace,buy the needed ingredients,0,reversed,reversed_edge,three_way_probe
make some cookies,Gather cookie ingredients,Set cookie tray with parchment paper,2,truly_parallel,proscript,three_way_probe
make ice cream,place in freezer for 3 hours,remove from freezer and place in blender,1,confirmed,confirmed_edge,three_way_probe
wake up for school,doze in and out,burrow under warm blankets,2,truly_parallel,proscript,three_way_probe
know why religion was so controversial,read news articles about religion,talk to local authorities on the matter,2,truly_parallel,proscript,three_way_probe
get a college education,walk the stage for a diploma,submit an application for graduation,0,reversed,reversed_edge,three_way_probe
learn how to play poker like a professional,log onto the internet,read poker books,2,truly_parallel,proscript,three_way_probe
get out of town this past weekend,book a hotel,pack a bag of clothes,2,truly_parallel,proscript,three_way_probe
bake some chocolate cookies,find a large mixing bowl,gather all ingredients together,2,truly_parallel,proscript,three_way_probe
gather persimmons where the trees grow wild in the woods,Park car/look for persimmons.,Drive to location of wild trees.,0,reversed,reversed_edge,three_way_probe
get more involved,plan activities together,talk to the child's teachers,2,truly_parallel,proscript,three_way_probe
find a job,Set up an interview with interested parties.,Send the letters.,0,reversed,reversed_edge,three_way_probe
buy some ice cream,wait in the line,look up options in menu,2,truly_parallel,proscript,three_way_probe
get more involved,make time to eat together,ask questions about the child's day,2,truly_parallel,proscript,three_way_probe
learn to dance in time for prom,Start learning basic moves,Go to a few more classes and learn more,1,confirmed,confirmed_edge,three_way_probe
take up golfing,Search online for local golf courses.,Drive to a local golf store.,2,truly_parallel,proscript,three_way_probe
join the tennis team,Buy tennis gear from a sporting goods store.,Practice playing tennis,1,confirmed,confirmed_edge,three_way_probe
learn figure drawing,Obtain blank paper,Find a pencil,2,truly_parallel,proscript,three_way_probe
go to an aerospace museum,Pick out the closest one.,Search the Internet for aerospace museums.,0,reversed,reversed_edge,three_way_probe
find a vaccine for the virus,take lots of classes,take board exams,1,confirmed,confirmed_edge,three_way_probe
earn some cash over the summer,place earnings in a savings account,when prompted go to homes and do odd jobs,0,reversed,reversed_edge,three_way_probe
sing a song at work,settle in at work,Go to work,0,reversed,reversed_edge,three_way_probe
join the tennis team,Find a good tennis court nearby,Buy tennis gear from a sporting goods store.,2,truly_parallel,proscript,three_way_probe
do research about dolphins,find local marine specialists,use the internet to search,2,truly_parallel,proscript,three_way_probe
start a business,come up with business idea,research how to run the business,0,reversed,reversed_edge,three_way_probe
go to work,get dressed for work,brush teeth and wash up,2,truly_parallel,proscript,three_way_probe
learn how to do a cartwheel,log onto the internet,put on gym clothes,2,truly_parallel,proscript,three_way_probe
try every flavor of ice cream at the shop,Ask to sample all,ask what flavors are in stock,0,reversed,reversed_edge,three_way_probe
learn figure drawing,Place pencil tip to paper,Find a pencil,0,reversed,reversed_edge,three_way_probe
find a new book to read,take book to cashier,choose the book,0,reversed,reversed_edge,three_way_probe
join a club,Sit through the meeting.,"If still interested, ask to join.",1,confirmed,confirmed_edge,three_way_probe
learn how to play poker like a professional,play poker in a casino,play poker for friends for money,0,reversed,reversed_edge,three_way_probe
live a healthier lifestyle,purchase a selection of fruits,purchase a selection of vegetables,2,truly_parallel,proscript,three_way_probe
have fresh herbs to enjoy year-round,Buy pots for plants,Purchase seeds for herbs,2,truly_parallel,proscript,three_way_probe
learn to french braid,Go online with browser,Turn on computer,0,reversed,reversed_edge,three_way_probe
go on a cruise,pack bags and luggage needed,wait for the departure date,2,truly_parallel,proscript,three_way_probe
take a cruise,Search online for cruise package deals,Go online with a browser,0,reversed,reversed_edge,three_way_probe
learn how to make rice for months,fill pots and pans with gallons of water,measure portions according to rice instructions,1,confirmed,confirmed_edge,three_way_probe
live closer to nature,Close escrow on new home,Move belongings to new rural house,1,confirmed,confirmed_edge,three_way_probe
start an apple orchard,go to a local gardening store,purchase a shovel,1,confirmed,confirmed_edge,three_way_probe
go on a trip,Decide where to go.,Take time off work.,1,confirmed,confirmed_edge,three_way_probe
start a comic book,Decide on characters for the story,Decide on a setting,2,truly_parallel,proscript,three_way_probe
join the tennis team,Find someone to play tennis with,Buy tennis gear from a sporting goods store.,2,truly_parallel,proscript,three_way_probe
open a new catering hall,construct building plans,hire construction crew,1,confirmed,confirmed_edge,three_way_probe
wait for a bus,walk to the bus stop,collect the bus pass,0,reversed,reversed_edge,three_way_probe
crochet a scarf,Weave hook under yarn.,Weave desired pattern in this fashion.,1,confirmed,confirmed_edge,three_way_probe
learn to play tennis,learn about equipment needed,decide to learn how to play tennis,0,reversed,reversed_edge,three_way_probe
get into gardening,Buy tools at store,Buy local seeds at store,2,truly_parallel,proscript,three_way_probe
find some friends to relax with,send out messages to friends,provide invite to friends who are not busy,2,truly_parallel,proscript,three_way_probe
go school clothes shopping,park the car,walk to the mall entrance,1,confirmed,confirmed_edge,three_way_probe
escape from prison,Run through the tunnel and keep running,Dig a tunnel towards nearest place in the fence,0,reversed,reversed_edge,three_way_probe
learn to make pot pies,gather materials together,find potpie tutorial online,0,reversed,reversed_edge,three_way_probe
get a suit for an upcoming wedding,Pick out a few suites.,Look at the different suites.,0,reversed,reversed_edge,three_way_probe
mow the lawn today,make sure mower has enough gas,check that all the parts are still working,2,truly_parallel,proscript,three_way_probe
learn how to drive,Take the drivers test,Practice driving on back roads or parking lots,0,reversed,reversed_edge,three_way_probe
hire a new chef,put out a help wanted sign for chef,put out an ad for a new chef,0,reversed,reversed_edge,three_way_probe
go fishing anymore,Find a body of water nearby,Buy fishing equipment,2,truly_parallel,proscript,three_way_probe
throw the best Halloween party,purchase assorted scary decorations,purchase an assortment of candies,2,truly_parallel,proscript,three_way_probe
get a job delivering papers,create a resume,apply to newspaper jobs,1,confirmed,confirmed_edge,three_way_probe
learn how to make an apple pie,Gather ingredients listed in tutorial,Make pie according to steps in tutorial,1,confirmed,confirmed_edge,three_way_probe
buy a cheap pair of shoes,browse cheap shoes,drive to a cheap shoe store,0,reversed,reversed_edge,three_way_probe
run a half-marathon,Research good clothes to wear,Research how to train for a marathon,2,truly_parallel,proscript,three_way_probe
learn to whistle,Watch videos online about whistling,Ask people who know how to whistle,2,truly_parallel,proscript,three_way_probe
learn how to line dance,Watch other dancers,Sign up for a dance class,2,truly_parallel,proscript,three_way_probe
save enough money for a new car,Find the price of a new car online.,Figure out a way to cut expenses.,1,confirmed,confirmed_edge,three_way_probe
learn how to sew,drive home from fabric store,put sewing equipment on table,1,confirmed,confirmed_edge,three_way_probe
do over a hundred push ups,Get down on the floor.,Raise on hands and knees.,1,confirmed,confirmed_edge,three_way_probe
buy some headphones,look at the headphone reviews,watch a video review,2,truly_parallel,proscript,three_way_probe
plant seeds after the winter,sprinkle the seeds into the row,cover the seeds with dirt,1,confirmed,confirmed_edge,three_way_probe
make Kool Aid to cool down,put some ice into the pitcher,fill cups with the freshly prepared kool-aid,1,confirmed,confirmed_edge,three_way_probe
live a healthier lifestyle,throw out all the snack foods,throw out all the candy in the house,2,truly_parallel,proscript,three_way_probe
purchase new living room furniture,look up IKEA's hours online,put on shoes,2,truly_parallel,proscript,three_way_probe
throw the best Halloween party,purchase an assortment of candies,place a lighted jack-o-lantern on the porch,2,truly_parallel,proscript,three_way_probe
have fresh herbs to enjoy year-round,Purchase seeds for herbs,Buy pots for plants,2,truly_parallel,proscript,three_way_probe
learn how to speak Spanish,practice Spanish online,study Spanish lessons,2,truly_parallel,proscript,three_way_probe
sail the seven seas,look around for promising boat,drive to the marina,0,reversed,reversed_edge,three_way_probe
start a Babysitters Club like in the books,get permission from parents to use house,print out bright colored flyers,2,truly_parallel,proscript,three_way_probe
build a snowman,put on boots,put on coat,2,truly_parallel,proscript,three_way_probe
turn in a big project on Monday,Show up to school day of presentation,Compile ideas for project,0,reversed,reversed_edge,three_way_probe
go for a trip on an Amtrak train,Open a laptop,Find Amtrak website,1,confirmed,confirmed_edge,three_way_probe
do was hit a homerun,walk up to the plate,take a few practice swings,0,reversed,reversed_edge,three_way_probe
live a healthier lifestyle,throw out all the candy in the house,throw out all the snack foods,2,truly_parallel,proscript,three_way_probe
join a club,Find club hours.,Search the Internet for nearby club interests,0,reversed,reversed_edge,three_way_probe
compete in a Tough Mudder race,Sign up for the race.,Make sure spots are still open.,0,reversed,reversed_edge,three_way_probe
play pro basketball,Train up endurance,Work on basketball shots,2,truly_parallel,proscript,three_way_probe
know why religion was so controversial,use the internet to research,read books on religion,2,truly_parallel,proscript,three_way_probe
open a checking account,transfer money into checking account,order paper checks,2,truly_parallel,proscript,three_way_probe
have a house party,Clean the house,Select music for the party,2,truly_parallel,proscript,three_way_probe
work at a clothing store,Apply for jobs at retail stores,Create a resume,0,reversed,reversed_edge,three_way_probe
learn how to skateboard,watch tutorial videos,buy a skateboard,1,confirmed,confirmed_edge,three_way_probe
get more involved,be on the lookout for unexplained shifts in behavior,talk to the child's teachers,2,truly_parallel,proscript,three_way_probe
live a healthier lifestyle,purchase lean white meats,throw out all the snack foods,2,truly_parallel,proscript,three_way_probe
buy a dog,Start the car,Drive to the pound,1,confirmed,confirmed_edge,three_way_probe
know why religion was so controversial,read books on religion,write down information as learned,1,confirmed,confirmed_edge,three_way_probe
go mountain climbing,hire a guide and instructor,drive to the mountains,1,confirmed,confirmed_edge,three_way_probe
get their computers ready,Open each computer,Plug each computer in,2,truly_parallel,proscript,three_way_probe
get out of the basement,approach the exit way,find the doorknob,1,confirmed,confirmed_edge,three_way_probe
make some brownies,Use a beater to mix together the ingredients,Put the batter into a brownie pan,1,confirmed,confirmed_edge,three_way_probe
go into an abandoned asylum,walk into asylum,drive to asylum,0,reversed,reversed_edge,three_way_probe
learn to play the piano,Have a first lesson,Continue with lessons until playing becomes second nature,1,confirmed,confirmed_edge,three_way_probe
spend time outside,step out through the exit to the outside.,open the exit.,0,reversed,reversed_edge,three_way_probe
take a guy on a date,Ask someone to go out,Find out when to pick up,1,confirmed,confirmed_edge,three_way_probe
rent a movie for the evening,select the movie from the box,drive to a red box,0,reversed,reversed_edge,three_way_probe
make pasta with fresh mushrooms,turn on the stove,take out a cutting board and knife,2,truly_parallel,proscript,three_way_probe
switch into the electrical engineering program,look up requirements to be in electrical engeineering program,find the email for the electrical engineering program head,1,confirmed,confirmed_edge,three_way_probe
compare songs for a qualification,listen to that song,Load up one song,0,reversed,reversed_edge,three_way_probe
take tap dancing lessons,pick out a class,research local tap dance classes,0,reversed,reversed_edge,three_way_probe
find a new girlfriend,Filter through local profiles.,Determine desired partner attributes.,0,reversed,reversed_edge,three_way_probe
join the tennis team,Find someone to play tennis with,Find a good tennis court nearby,2,truly_parallel,proscript,three_way_probe
learn how to play the violin,Research violin teachers,buy a violin,2,truly_parallel,proscript,three_way_probe
buy some music equipment,Specify with music equipment,Change sort to highest rated,1,confirmed,confirmed_edge,three_way_probe
get a new car,negotiate a price,do a bunch of paperwork,1,confirmed,confirmed_edge,three_way_probe
go on the school field trip,Fill extra water bottle,Put in back pack,1,confirmed,confirmed_edge,three_way_probe
join the school marching band,Sign a waiver and pay a fee.,Practice playing the instrument.,1,confirmed,confirmed_edge,three_way_probe
learn how to play card games,Purchase a book regarding a specific card game,Purchase a set of cards,1,confirmed,confirmed_edge,three_way_probe
know why religion was so controversial,use the internet to research,watch movies on religion,2,truly_parallel,proscript,three_way_probe
learn to play an instrument,sign up for lessons,buy an instrument,0,reversed,reversed_edge,three_way_probe
plant an apple tree,shop for an apple tree,buy an apple tree,1,confirmed,confirmed_edge,three_way_probe
learn how to do gymnastics,Practice basics until mastered.,Enroll in class after talking to teacher.,0,reversed,reversed_edge,three_way_probe
get some lunch,Pull out leftovers,Locate the leftovers,0,reversed,reversed_edge,three_way_probe
go to the new movie,travel to the movie theater,buy movie tickets online,0,reversed,reversed_edge,three_way_probe
look more adult,put back unwanted clothes,purchase the clothing,1,confirmed,confirmed_edge,three_way_probe
learn to paint,Go to art store,Sign up for lessons,2,truly_parallel,proscript,three_way_probe
get to the grocery store,get a grocery cart,gather the grocery bags,2,truly_parallel,proscript,three_way_probe
attend gym today,Search the Internet for nearby gyms.,Compare gym prices.,1,confirmed,confirmed_edge,three_way_probe
get Chinese food,Decide what to order,Look at the menu,0,reversed,reversed_edge,three_way_probe
learn how to play the violin,practice that week,practice every day for a couple of years,1,confirmed,confirmed_edge,three_way_probe
order shoes online,Turn on computer,Connect to browser online,1,confirmed,confirmed_edge,three_way_probe
try out for the high school swim team,stand in line behind everyone,walk out to the pool,0,reversed,reversed_edge,three_way_probe
go mountain climbing,buy climbing gear,hire a guide and instructor,1,confirmed,confirmed_edge,three_way_probe
own a dog,look at the different dogs,pick a dog,1,confirmed,confirmed_edge,three_way_probe
bake some chocolate chip cookies,bake in an oven,place on tray 2 inches apart,0,reversed,reversed_edge,three_way_probe
win the lottery,pick numbers for the ticket,go home to wait for drawing,1,confirmed,confirmed_edge,three_way_probe
start a butterfly garden,Locate garden components on Amazon,Research components for butterfly garden.,0,reversed,reversed_edge,three_way_probe
find a wife,pay for woman to fly out to location,send a proposition to a woman,0,reversed,reversed_edge,three_way_probe
get more involved,be on the lookout for unexplained shifts in behavior,make time to eat together,2,truly_parallel,proscript,three_way_probe
own a dog,shop for pet food,shop for pet supplies,2,truly_parallel,proscript,three_way_probe
go for a boat ride,drive to the lake,secure the trailer to driving vehicle (truck),0,reversed,reversed_edge,three_way_probe
learn to cook,Receive book in the mail,Purchase the book,0,reversed,reversed_edge,three_way_probe
make pasta with fresh mushrooms,take out a cutting board and knife,turn on the stove,2,truly_parallel,proscript,three_way_probe
get into gardening,Buy local seeds at store,Buy tools at store,2,truly_parallel,proscript,three_way_probe
see a new movie,drive to the theater,order tickets online,0,reversed,reversed_edge,three_way_probe
live a healthier lifestyle,throw out all the snack foods,purchase a selection of fruits,2,truly_parallel,proscript,three_way_probe
buy a book,Take the receipt from the cashier,Wait for the money to be deposited and change returned,0,reversed,reversed_edge,three_way_probe
do research about dolphins,go to the local library,use the internet to search,2,truly_parallel,proscript,three_way_probe
order Chinese food,Decide what everyone wants,Look at menu,0,reversed,reversed_edge,three_way_probe
learn how to do parkour,learn new parkour skills with group,go to the gym and practice skills,0,reversed,reversed_edge,three_way_probe
do a mac & cheese,drain macaroni noodles,boil macaroni noodles,0,reversed,reversed_edge,three_way_probe
save enough money for a new car,Drive to the car lot with cash in the bank.,Count the savings in the bank account.,0,reversed,reversed_edge,three_way_probe
attract more customers,Research new marketing tactics.,Put together ads for customer attraction.,1,confirmed,confirmed_edge,three_way_probe
write a book,Send to editor for suggestions and make revisions,Have the book published,2,truly_parallel,proscript,three_way_probe
get a new pair of shoes,drive to the store,find a store with the shoes,0,reversed,reversed_edge,three_way_probe
buy new clothes for the winter,Search the store for winter cloth,Go to nearest clothing store,0,reversed,reversed_edge,three_way_probe
go to a new restaurant for the first time,Go to the car,Drive to the restaurant,1,confirmed,confirmed_edge,three_way_probe
work at a ramen shop,Write a resume,Submit resume and cover letter to the ramen shop,1,confirmed,confirmed_edge,three_way_probe
give back to the world,volunteer to get donations for social causes,volunteer for eco friendly organizations,2,truly_parallel,proscript,three_way_probe
go to a new club everyone was talking about,Get into and start vehicle,Input directions into phone for gps,0,reversed,reversed_edge,three_way_probe
give back to the world,volunteer to get donations for social causes,regularly donate to charities,2,truly_parallel,proscript,three_way_probe
learn to make pot pies,turn on the oven,gather materials together,2,truly_parallel,proscript,three_way_probe
see the whole universe,Travel into space via spaceship,Travel from planet to planet,1,confirmed,confirmed_edge,three_way_probe
adopt a puppy,browse the dogs for adoption,fill out adoption form,1,confirmed,confirmed_edge,three_way_probe
modify a file with comma separated data,Turn on the computer.,Open the program.,1,confirmed,confirmed_edge,three_way_probe
take up boxing so bad,Meet with trainer.,Travel to gym.,0,reversed,reversed_edge,three_way_probe
escape from prison,Steal a spoon from the cafeteria,Get the plans for the prison,2,truly_parallel,proscript,three_way_probe
learn to make pot pies,gather materials together,make the potpies,1,confirmed,confirmed_edge,three_way_probe
go to an aerospace museum,Order aerospace museum tickets.,Drive to the museum.,1,confirmed,confirmed_edge,three_way_probe
know why religion was so controversial,ask friends and family for opinions and thoughts,watch movies on religion,2,truly_parallel,proscript,three_way_probe
lose 20 pounds before summer,Practice healthy eating,Go buy healthy food,0,reversed,reversed_edge,three_way_probe
buy a guitar,Drive to guitar shop,Save up money,0,reversed,reversed_edge,three_way_probe
go on a rollercoaster,Order tickets online.,Pick a day to go.,0,reversed,reversed_edge,three_way_probe
go to work,brush teeth and wash up,get dressed for work,2,truly_parallel,proscript,three_way_probe
make chicken curry,find the spice aisle,get some fresh chicken,2,truly_parallel,proscript,three_way_probe
take a cruise to the Caribbean,buy tickets for the cruise,decide on a cruise,0,reversed,reversed_edge,three_way_probe
work at a bank,get the call for the interview,fill out the online application,0,reversed,reversed_edge,three_way_probe
get out of town this past weekend,book a hotel,put gasoline in car,2,truly_parallel,proscript,three_way_probe
buy some ice cream,go to the store,look up options in menu,1,confirmed,confirmed_edge,three_way_probe
plant a tomato plant,Purchase tomato seedling.,Return to home.,1,confirmed,confirmed_edge,three_way_probe
start a butterfly garden,Locate garden components on Amazon,Order garden components online.,1,confirmed,confirmed_edge,three_way_probe
make some bath soap last week,prepare a workspace,mix ingredients together,1,confirmed,confirmed_edge,three_way_probe
start teaching piano lessons,buy a piano,read articles on the piano,2,truly_parallel,proscript,three_way_probe
get a portrait done,Call up photo company,Check white pages for local photo studios,0,reversed,reversed_edge,three_way_probe
play with dolls,purchase the dolls,take the dolls home,1,confirmed,confirmed_edge,three_way_probe
build a snowman,put on gloves,put on boots,2,truly_parallel,proscript,three_way_probe
visit the beach,Pack a beach bag with supplies.,Pack a cooler of drinks and snacks.,2,truly_parallel,proscript,three_way_probe
have a house party,Shop for  refreshments,Select music for the party,2,truly_parallel,proscript,three_way_probe
learn how to bake a loaf of bread,Find a recipe in the book.,Buy a book on bread making.,0,reversed,reversed_edge,three_way_probe
start a comic book,Decide on a setting,Write an outline for the story,1,confirmed,confirmed_edge,three_way_probe
learn figure drawing,Find a pencil,Obtain blank paper,2,truly_parallel,proscript,three_way_probe
bake some chocolate cookies,find a large mixing spoon,gather all ingredients together,2,truly_parallel,proscript,three_way_probe
build a snowman,walk outside into the yard,put on boots,0,reversed,reversed_edge,three_way_probe
go wilderness camping,gather camping supplies,purchase a tent,0,reversed,reversed_edge,three_way_probe
lose a few pounds over the summer,get scale out of bathroom,weigh yourself with scale,1,confirmed,confirmed_edge,three_way_probe
start a butterfly garden,Plant flowers and assemble other garden components.,Receive garden items in mail.,0,reversed,reversed_edge,three_way_probe
start a company,Decide the company's field,Decide on a company name,2,truly_parallel,proscript,three_way_probe
help raise money for public television,"Spend the day engaging in fundraising techniques, like phone banking",Turn all donations over to the station,1,confirmed,confirmed_edge,three_way_probe
escape from prison,Dig a tunnel towards nearest place in the fence,Steal a spoon from the cafeteria,0,reversed,reversed_edge,three_way_probe
prepare for the storm that was coming,go to store,watch the weather channel,0,reversed,reversed_edge,three_way_probe
buy a book,Wait for the cashier to ring up the book,Hand the book to a cashier,0,reversed,reversed_edge,three_way_probe
start a company,Obtain startup funding,Decide the company's field,0,reversed,reversed_edge,three_way_probe
see a big movie premier,Get in line at the ticket counter,Drive to the movie theater,0,reversed,reversed_edge,three_way_probe
eat a quick dinner,take peanut butter out of the pantry,take a knife out,2,truly_parallel,proscript,three_way_probe
look good for a dance,Put on underwear,Dry and style hair,2,truly_parallel,proscript,three_way_probe
go see the new movie in town,Put on hat and coat,Pick out a movie that is new,0,reversed,reversed_edge,three_way_probe
work at a clothing store,Go on an interview,Apply for jobs at retail stores,0,reversed,reversed_edge,three_way_probe
learn how to breakdance,Look up breakdance tutorials online,Put on comfortable clothes,2,truly_parallel,proscript,three_way_probe
make chicken curry,get some fresh chicken,go to the produce department,2,truly_parallel,proscript,three_way_probe
buy a video game,search for the video game,go to the store website,0,reversed,reversed_edge,three_way_probe
play basketball throughout high school,attend ball practice after school,practice at home,2,truly_parallel,proscript,three_way_probe
do over a hundred push ups,Lower to the floor.,Raise on hands and knees.,0,reversed,reversed_edge,three_way_probe
cook Thanksgiving dinner,shut the oven door,wait for turkey to cook,1,confirmed,confirmed_edge,three_way_probe
borrow a pencil from the teacher,Take the pencil and thank the teacher,Wait for the teacher to bring a pencil,0,reversed,reversed_edge,three_way_probe
order Chinese food,Look at menu,Decide what everyone wants,1,confirmed,confirmed_edge,three_way_probe
open a savings account,Grab an ID,Drive to the bank,1,confirmed,confirmed_edge,three_way_probe
go on a helicopter ride,Purchase a ticket in advance,Drive to the airport with helicopter,1,confirmed,confirmed_edge,three_way_probe
learn to bake a cake,Search for baking cakes.,Choose a popular video.,1,confirmed,confirmed_edge,three_way_probe
run a marathon,Put on shoes,Wait for race day,0,reversed,reversed_edge,three_way_probe
learn to back flip,Practice doing back flips.,Set the item up when upon arrival.,0,reversed,reversed_edge,three_way_probe
throw the best Halloween party,print out invitations on festive paper,purchase an assortment of candies,2,truly_parallel,proscript,three_way_probe
crochet a scarf,Hold crochet hook in hand.,Thread yarn through hook.,1,confirmed,confirmed_edge,three_way_probe
go the hockey game,buy tickets online,search for tickets online,0,reversed,reversed_edge,three_way_probe
see SNL while in NYC,Look up SNL showtimes,Order a ticket,1,confirmed,confirmed_edge,three_way_probe
create a video game,Learn to use a language that is used in games,Learn to use an existing game engine,2,truly_parallel,proscript,three_way_probe
have fresh herbs to enjoy year-round,Buy pots for plants,Purchase Soil for the pot,2,truly_parallel,proscript,three_way_probe
see a new movie that came out,park at the movie theater,get snacks on the way,0,reversed,reversed_edge,three_way_probe
make something special for dinner,drive home from the store,buy ingredients for dinner,0,reversed,reversed_edge,three_way_probe
sing songs for a living,take voice lessons,go to college for music,2,truly_parallel,proscript,three_way_probe
try something new,Search for local hobbies and activities.,Access the Google search engine.,0,reversed,reversed_edge,three_way_probe
throw a party,invite guests to party,gather food for party,1,confirmed,confirmed_edge,three_way_probe
see the banana plantations,Turn on the computer,Search the Internet for nearby plantations,1,confirmed,confirmed_edge,three_way_probe
buy a bike for a long time,Unpack the bike,Test the bike out to make sure it's good,1,confirmed,confirmed_edge,three_way_probe
go on a scavenger hunt,Note the time and dates.,Search for local scavenger hunts.,0,reversed,reversed_edge,three_way_probe
get some lunch,Pull out leftovers,Microwave the leftovers,1,confirmed,confirmed_edge,three_way_probe
find a wife,visit social media sites like Facebook and Instagram,choose which woman to marry,1,confirmed,confirmed_edge,three_way_probe
see Metallica live in concert,drive to venue,wait for show to start,1,confirmed,confirmed_edge,three_way_probe
have a pet cat,Go to the animal shelter,Pick out a cat,1,confirmed,confirmed_edge,three_way_probe
find some friends to relax with,provide invite to friends who are not busy,send out messages to friends,2,truly_parallel,proscript,three_way_probe
plant a tomato plant,Go to nursery,Purchase potting soil and a pot.,1,confirmed,confirmed_edge,three_way_probe
get away for a weekend,Check in local hotel.,Experience travel location.,1,confirmed,confirmed_edge,three_way_probe
compete in a race,Train for the race.,Sign the waiver and pay the fee.,0,reversed,reversed_edge,three_way_probe
cook something good,Make a list of ingredients needed,Look up a recipe online,0,reversed,reversed_edge,three_way_probe
start a butterfly garden,Plant flowers and assemble other garden components.,Wait for flowers to bloom/attract butterflies.,1,confirmed,confirmed_edge,three_way_probe
test computer image recognition,open software for image recognition,download object to computer,0,reversed,reversed_edge,three_way_probe
buy some music equipment,Search for music equipment,Go to Amazon.com,0,reversed,reversed_edge,three_way_probe
learn to bowl,Rent bowling gear,Get assigned to a lane,1,confirmed,confirmed_edge,three_way_probe
know why religion was so controversial,ask friends and family for opinions and thoughts,read books on religion,2,truly_parallel,proscript,three_way_probe
sit in the front seat of the car,unlock the car door,walk out of the house,0,reversed,reversed_edge,three_way_probe
run to a local store to make a purchase,Get keys and start car.,Search address of local store.,0,reversed,reversed_edge,three_way_probe
get more involved,talk to the child's teachers,plan activities together,2,truly_parallel,proscript,three_way_probe
rent a movie for the evening,drive to a red box,decide on a movie to watch,0,reversed,reversed_edge,three_way_probe
exchange a shirt for a better size,find the customer service desk,try on alternative sizes,0,reversed,reversed_edge,three_way_probe
buy a new dress for new years eve,figure out which specific one to buy,look up a dress,0,reversed,reversed_edge,three_way_probe
sleep on the back porch,get into bed,turn out lights,0,reversed,reversed_edge,three_way_probe
play basketball throughout high school,practice at home,attend ball practice after school,2,truly_parallel,proscript,three_way_probe
know why religion was so controversial,use the internet to research,ask friends and family for opinions and thoughts,2,truly_parallel,proscript,three_way_probe
learn how to play every instrument,Watch the lessons for every instrument.,Drive to the music store.,1,confirmed,confirmed_edge,three_way_probe
learn how to breakdance,Study the videos,Find a large space to dance in,1,confirmed,confirmed_edge,three_way_probe
build a giant snowman,Put carrot and rocks in center of the small ball,Put the scarf around the connection between the balls,2,truly_parallel,proscript,three_way_probe
plant seeds after the winter,buy sees packets,take seeds home,1,confirmed,confirmed_edge,three_way_probe
see a doctor,call in sick,schedule the doctor's appointment,1,confirmed,confirmed_edge,three_way_probe
make a living performing,do research on different performances,decide on a performance,1,confirmed,confirmed_edge,three_way_probe
go on a vacation in another country,Pack for the trip,Update passport and vaccines,0,reversed,reversed_edge,three_way_probe
start an apple orchard,purchase apple seeds,purchase a shovel,2,truly_parallel,proscript,three_way_probe
spend time outside,disengage the latch mechanism for the exit.,arrive at the exit.,0,reversed,reversed_edge,three_way_probe
help raise money for public television,Sign up for an event,Drive to the event,1,confirmed,confirmed_edge,three_way_probe
make a sandwich,Drive to the grocery store,Purchase the groceries,1,confirmed,confirmed_edge,three_way_probe
audition for the school play,Practice reading lines before bed,Practice reading lines with friends,2,truly_parallel,proscript,three_way_probe
sit in the front seat of the car,put clothes on,take a shower,0,reversed,reversed_edge,three_way_probe
make a smoothie,Take the ingredients home,Put ingredients in a blender,1,confirmed,confirmed_edge,three_way_probe
sing in the choir,practice an audition song,pick an audition song,0,reversed,reversed_edge,three_way_probe
paint some plaster,Apply plaster to walls,Allow plaster to dry without touching.,1,confirmed,confirmed_edge,three_way_probe
get new socks,open front door,obtain house keys,0,reversed,reversed_edge,three_way_probe
make some cookies,Scoop cookie dough onto cookie tray,Set cookie tray with parchment paper,0,reversed,reversed_edge,three_way_probe
learn how to speak Spanish,study Spanish lessons,go to Duolingo,0,reversed,reversed_edge,three_way_probe
make pasta with fresh mushrooms,take out a cutting board and knife,put two pots on the stove,2,truly_parallel,proscript,three_way_probe
live a healthier lifestyle,throw out all the candy in the house,purchase a selection of vegetables,2,truly_parallel,proscript,three_way_probe
buy a new doll from the store,walk to the car,drive to the store,1,confirmed,confirmed_edge,three_way_probe
work at a bank,get the call for the interview,drive to the bank,1,confirmed,confirmed_edge,three_way_probe
buy gifts for needy children,drive to the store,determine what gifts are needed,0,reversed,reversed_edge,three_way_probe
sleep on the back porch,clear out a sleeping space,say goodnight to everyone,1,confirmed,confirmed_edge,three_way_probe
have a house party,Make a list of potential guests,Shop for  refreshments,2,truly_parallel,proscript,three_way_probe
have a sleepover,make a list of friends to invite to sleepover,pick up cellphone,1,confirmed,confirmed_edge,three_way_probe
go to the swap shop,pick out the best shop,check reviews for shops,0,reversed,reversed_edge,three_way_probe
try investing money,find items to invest in,create a new account,2,truly_parallel,proscript,three_way_probe
get their computers ready,Turn on each computer,Plug each computer in,0,reversed,reversed_edge,three_way_probe
see the natural beauty of Maine,buy road map of Maine,drive toward Maine,1,confirmed,confirmed_edge,three_way_probe
have a pet frog,Find local pet stores,Get ready to go out,1,confirmed,confirmed_edge,three_way_probe
make some wine,Set the container somewhere dark,Let the container sit for weeks,1,confirmed,confirmed_edge,three_way_probe
find a new book to read,search sci-fi isle,search fiction isle,2,truly_parallel,proscript,three_way_probe
go to NYC at christmas time,get on airplane,arrive at airport,0,reversed,reversed_edge,three_way_probe
go back to school,Get list of books needed,Buy books needed,1,confirmed,confirmed_edge,three_way_probe
join a club,Drive to the next meeting.,Sit through the meeting.,1,confirmed,confirmed_edge,three_way_probe
eat some french fries,drive home from the store,purchase frozen french fries,0,reversed,reversed_edge,three_way_probe
have a pet cat,Buy a litter box,Buy cat food,2,truly_parallel,proscript,three_way_probe
have some fun,drive to the mall,walk into the mall,1,confirmed,confirmed_edge,three_way_probe
get more involved,join a group of other parents,ask questions about the child's day,2,truly_parallel,proscript,three_way_probe
knit a sweater,Browse knitting material,Go to a craft store,0,reversed,reversed_edge,three_way_probe
live a healthier lifestyle,purchase lean white meats,purchase a selection of vegetables,2,truly_parallel,proscript,three_way_probe
take up golfing,Buy some equipment.,Browse the equipment.,0,reversed,reversed_edge,three_way_probe
make a fort,find a fort location,brainstorm a fort construction,2,truly_parallel,proscript,three_way_probe
lose 20 pounds before summer,See a doctor,Get a good diet plan,1,confirmed,confirmed_edge,three_way_probe
know why religion was so controversial,talk to local authorities on the matter,ask friends and family for opinions and thoughts,2,truly_parallel,proscript,three_way_probe
have a nerf gun war,take nerf gun ammo out of the closet,take nerf guns out of the closet,2,truly_parallel,proscript,three_way_probe
catch some fish for food storage for winter,Drive to the nearby streams.,Unpack the equipment,1,confirmed,confirmed_edge,three_way_probe
get across town to the store,find socks and shoes,put on left sock,1,confirmed,confirmed_edge,three_way_probe
know why religion was so controversial,watch movies on religion,ask friends and family for opinions and thoughts,2,truly_parallel,proscript,three_way_probe
bake some chocolate cookies,gather all ingredients together,find a large mixing bowl,2,truly_parallel,proscript,three_way_probe
learn how to line dance,Go to the dance class,Listen to and watch the teacher,1,confirmed,confirmed_edge,three_way_probe
form a gang,find a bunch of friends with the same creed,find a people from same side of the tracks,2,truly_parallel,proscript,three_way_probe
have a house party,Select music for the party,Make a list of potential guests,2,truly_parallel,proscript,three_way_probe
do well on the upcoming test,Go to the location of the test,Sit down to take the test,1,confirmed,confirmed_edge,three_way_probe
escape from prison,Steal a spoon from the cafeteria,Watch the guards to learn the schedule,2,truly_parallel,proscript,three_way_probe
donate to charity,Enter financial information,Enter the amount to donate,2,truly_parallel,proscript,three_way_probe
learn how to eat with chopsticks,Pick up chopsticks.,Position chopsticks between thumb and index finger.,1,confirmed,confirmed_edge,three_way_probe
learn an instrument,Decide on what instrument to play,Go to local store,1,confirmed,confirmed_edge,three_way_probe
go on a vacation in another country,Arrive at airport and board plan.,Pack for the trip,0,reversed,reversed_edge,three_way_probe
open a checking account,wait for the bank to process the paperwork,order paper checks,1,confirmed,confirmed_edge,three_way_probe
find the killer for the most recent murder,interview the witnesses,look over the crime scene,2,truly_parallel,proscript,three_way_probe
do well on the upcoming test,Learn what topic the text is on,Do research on the topic,1,confirmed,confirmed_edge,three_way_probe
learn more about human anatomy,look up books on human anatomy,pick a book to read,1,confirmed,confirmed_edge,three_way_probe
sleep on the back porch,find pillows and blankets,say goodnight to everyone,2,truly_parallel,proscript,three_way_probe
catch some fish for food storage for winter,Buy fishing equipment.,Get a fishing license.,0,reversed,reversed_edge,three_way_probe
leave the house,Put outside clothing on,Decide where to go,0,reversed,reversed_edge,three_way_probe
save enough money for a new car,Figure out a way to cut expenses.,Work extra jobs.,1,confirmed,confirmed_edge,three_way_probe
purchase a new car,arrange financing for the car,Sign the papers and drive,1,confirmed,confirmed_edge,three_way_probe
learn to back flip,Take notes on what to do.,Search the Internet on how to back flip.,0,reversed,reversed_edge,three_way_probe
build a swing set in their backyard,follow instructions in assembly guide,check to make sure everything's secure,1,confirmed,confirmed_edge,three_way_probe
make chicken curry,go to the produce department,pay for all the food,1,confirmed,confirmed_edge,three_way_probe
get more involved,talk to the child's teachers,join a group of other parents,2,truly_parallel,proscript,three_way_probe
buy an XBox 1,research the different consoles,read the reviews,2,truly_parallel,proscript,three_way_probe
sing in the choir,practice an audition song,audition for the choir,1,confirmed,confirmed_edge,three_way_probe
join the basketball team,Leave a good impression on the coach,Turn up at tryout,0,reversed,reversed_edge,three_way_probe
build a snowman,put on gloves,put on coat,2,truly_parallel,proscript,three_way_probe
go to the local water park,Put on swim suit,Search online for local water park,2,truly_parallel,proscript,three_way_probe
go to a party that weekend,try on outfits,choose an outfit,1,confirmed,confirmed_edge,three_way_probe
learn how to speak Spanish,study Spanish lessons,practice Spanish online,2,truly_parallel,proscript,three_way_probe
order shoes online,Check out with shipping information.,Add shoes to basket,0,reversed,reversed_edge,three_way_probe
go back to school,Organize school supplies and books,Buy books needed,0,reversed,reversed_edge,three_way_probe
give up chocolate for Lent,Make a pact with family to stick to the plan.,Accomplish the goal and feel healthy,1,confirmed,confirmed_edge,three_way_probe
join a dance class,turn on computer,sit down at computer,0,reversed,reversed_edge,three_way_probe
earn some cash over the summer,when prompted go to homes and do odd jobs,disperse the flyers around the neighborhood,0,reversed,reversed_edge,three_way_probe
get in better shape,write down an exercise regime,make a list of healthy foods,2,truly_parallel,proscript,three_way_probe
make some wine,Let the container sit for weeks,siphon liquid into bottles,1,confirmed,confirmed_edge,three_way_probe
buy a denim jacket,decide to buy a denim jacket,get in car,1,confirmed,confirmed_edge,three_way_probe
learn how to make candy,release candy from molds and eat,set candy in molds to firm,0,reversed,reversed_edge,three_way_probe
participate in a chess tournament,go to the chair when name is called,play against opponent,1,confirmed,confirmed_edge,three_way_probe
play the piano,find sheet music to play,sit down at the piano,1,confirmed,confirmed_edge,three_way_probe
find a part time job,Search for job forums,Upload a resume,1,confirmed,confirmed_edge,three_way_probe
play a video game,Buy a video game,Buy a video game console,2,truly_parallel,proscript,three_way_probe
prepare for the storm that was coming,buy supplies for storm,go back home,1,confirmed,confirmed_edge,three_way_probe
find a new book to read,search sci-fi isle,choose the book,1,confirmed,confirmed_edge,three_way_probe
get more involved,ask questions about the child's day,talk to the child's teachers,2,truly_parallel,proscript,three_way_probe
do research about dolphins,click on links to articles about dolphins,swim with the dolphins,1,confirmed,confirmed_edge,three_way_probe
start a comic book,Decide on a setting,Decide on characters for the story,2,truly_parallel,proscript,three_way_probe
see the banana plantations,Search the Internet for nearby plantations,Find the operating hours,1,confirmed,confirmed_edge,three_way_probe
earn a pizza party at school,Suggest the pizza party idea to the teacher,Come to an agreement,1,confirmed,confirmed_edge,three_way_probe
pick apples in Vermont,book flight to place,look up apple orchids,1,confirmed,confirmed_edge,three_way_probe
join a club,Drive to the next meeting.,Find club hours.,0,reversed,reversed_edge,three_way_probe
go shopping after work,drive to the store after work,pick out items,1,confirmed,confirmed_edge,three_way_probe
learn a new language,call to enroll into classes,look for local classes,0,reversed,reversed_edge,three_way_probe
go to the store,put on shoes,grab car keys,2,truly_parallel,proscript,three_way_probe
try the new frozen yogurt place,read the menu,drive to the store,0,reversed,reversed_edge,three_way_probe
bake some chocolate chip cookies,place on tray 2 inches apart,roll into balls,0,reversed,reversed_edge,three_way_probe
make some cookies,Preheat the oven,Set cookie tray with parchment paper,2,truly_parallel,proscript,three_way_probe
play a video game,Put the game in the console,Hit the play button,1,confirmed,confirmed_edge,three_way_probe
learn how to line dance,Sign up for a dance class,Learn to love country music,0,reversed,reversed_edge,three_way_probe
find a new book to read,search fiction isle,search sci-fi isle,2,truly_parallel,proscript,three_way_probe
make sure the party was a huge success,Set up the food,Set up the party decorations,2,truly_parallel,proscript,three_way_probe
start a record label,look online at the county's web site,decide on a record label name,0,reversed,reversed_edge,three_way_probe
have a family dinner,Call family members,Invite family to dinner,1,confirmed,confirmed_edge,three_way_probe
start a comic book,Decide on a setting,Think of an idea for a story,2,truly_parallel,proscript,three_way_probe
take a vacation this year,Choose a vacation spot,Research vacation spots,0,reversed,reversed_edge,three_way_probe
start a website,Choose a domain name,Research website hosts,0,reversed,reversed_edge,three_way_probe
simulate a data set,Begin replicating tests,Load up data,0,reversed,reversed_edge,three_way_probe
buy a bike for a long time,Decide on a bike to purchase,Research bikes online,0,reversed,reversed_edge,three_way_probe
learn figure drawing,Locate an eraser,Obtain blank paper,2,truly_parallel,proscript,three_way_probe
work at a ramen shop,Write a cover letter,Write a resume,2,truly_parallel,proscript,three_way_probe
learn to make pot pies,make the potpies,bake the potpies,1,confirmed,confirmed_edge,three_way_probe
get well fast,pick up medicine,go to the store,0,reversed,reversed_edge,three_way_probe
earn some cash over the summer,disperse the flyers around the neighborhood,print the flyers,0,reversed,reversed_edge,three_way_probe
go to the store,grab car keys,make a list of things to buy,2,truly_parallel,proscript,three_way_probe
start a Notary business,get financing from a bank,Buy the property,1,confirmed,confirmed_edge,three_way_probe
go on a hike,Choose a trail to hike,Print out directions to the trail,1,confirmed,confirmed_edge,three_way_probe
give back to the world,volunteer for eco friendly organizations,regularly donate to charities,2,truly_parallel,proscript,three_way_probe
go to the library downtown,check the bus schedule online,put on shoes and clothing,2,truly_parallel,proscript,three_way_probe
have a house party,Select music for the party,Shop for  refreshments,2,truly_parallel,proscript,three_way_probe
attend a wine tasting,Make a reservation,Get directions to event,1,confirmed,confirmed_edge,three_way_probe
participate in a chess tournament,run through possible strategies,find a spot to wait until turn,2,truly_parallel,proscript,three_way_probe
get into gardening,Drive to local garden center,Buy tools at store,1,confirmed,confirmed_edge,three_way_probe
know why religion was so controversial,ask friends and family for opinions and thoughts,talk to local authorities on the matter,2,truly_parallel,proscript,three_way_probe
run a marathon,Wait for race day,Sign up for a marathon race,0,reversed,reversed_edge,three_way_probe
make an apple pie,buy ingredients for the pie,measure ingredients for the pie,1,confirmed,confirmed_edge,three_way_probe
look good for a dance,Dry and style hair,Take a shower and wash hair,0,reversed,reversed_edge,three_way_probe
live a healthier lifestyle,throw out all the candy in the house,purchase lean white meats,2,truly_parallel,proscript,three_way_probe
have a child,carry baby in stomach,become pregnant from sleeping with person,0,reversed,reversed_edge,three_way_probe
do something crazy,Find something crazy to do that is safe.,Find something crazy that is doable.,2,truly_parallel,proscript,three_way_probe
sing songs for a living,go to college for music,take voice lessons,2,truly_parallel,proscript,three_way_probe
learn to ride a horse,find nearby stables,sign up for lessons,1,confirmed,confirmed_edge,three_way_probe
participate in a chess tournament,go to the chair when name is called,run through possible strategies,0,reversed,reversed_edge,three_way_probe
learn to whistle,Ask people who know how to whistle,Watch videos online about whistling,2,truly_parallel,proscript,three_way_probe
find a wife,pay for woman to fly out to location,wait at the airport with a marriage contract,1,confirmed,confirmed_edge,three_way_probe
go on a vacation in another country,Update passport and vaccines,Research the country,0,reversed,reversed_edge,three_way_probe
do something exciting,go to the destination,enter the place,1,confirmed,confirmed_edge,three_way_probe
learn how to play the guitar,Get guitar out,watch video lessons,2,truly_parallel,proscript,three_way_probe
go pick up groceries for dinner,get in car and go to store,walk into store,1,confirmed,confirmed_edge,three_way_probe
make more money,Search for local jobs on computer.,Determine which jobs qualified for.,1,confirmed,confirmed_edge,three_way_probe
see the school counselor,Use the library computer to pull up the schools website.,Click on the faculty tab.,1,confirmed,confirmed_edge,three_way_probe
take a trip to the beach,Walk to beach.,Park car at beach lot.,0,reversed,reversed_edge,three_way_probe
go to Spain,drive to the airport,purchase a plane ticket,0,reversed,reversed_edge,three_way_probe
get to the grocery store,gather the grocery bags,get a grocery cart,2,truly_parallel,proscript,three_way_probe
attend gym today,Find one that has compatible hours.,Compare gym prices.,2,truly_parallel,proscript,three_way_probe
buy a purple blouse,purchase the blouse and take  home,find the purple blouse,0,reversed,reversed_edge,three_way_probe
see the natural beauty of Maine,get car inspected,buy road map of Maine,1,confirmed,confirmed_edge,three_way_probe
start Varsity football,practice football at home,play on the regular teams,2,truly_parallel,proscript,three_way_probe
give up chocolate for Lent,Pray and abstain from chocolate,Accomplish the goal and feel healthy,1,confirmed,confirmed_edge,three_way_probe
see the whole universe,Drift silently through space without fuel,Travel from planet to planet,0,reversed,reversed_edge,three_way_probe
sail the seven seas,ask boat captain to join the crew,look around for promising boat,0,reversed,reversed_edge,three_way_probe
go to school today,get out of bed,turn off alarm,2,truly_parallel,proscript,three_way_probe
get a cheeseburger,go to restaurant,put on clothes,0,reversed,reversed_edge,three_way_probe
have a birthday party,make food for the party,decorate the location for the party,2,truly_parallel,proscript,three_way_probe
go see the new movie in town,Read the list of movies currently being shown,Pick out a movie that is new,1,confirmed,confirmed_edge,three_way_probe
make some chicken tenders for supper,lay down tinfoil,arrange chicken nuggets,1,confirmed,confirmed_edge,three_way_probe
buy a bike for a long time,Decide on a bike to purchase,Wait for the bike to be delivered,1,confirmed,confirmed_edge,three_way_probe
start an apple orchard,go to a local gardening store,purchase apple seeds,1,confirmed,confirmed_edge,three_way_probe
rent a cabin,go to the internet,plan vacation with others,2,truly_parallel,proscript,three_way_probe
take the SATs in order to get into college,pick up a number two pencil,sit down at a desk,0,reversed,reversed_edge,three_way_probe
live a healthier lifestyle,purchase lean white meats,purchase a selection of fruits,2,truly_parallel,proscript,three_way_probe
get a dog,look up shelters online,ask parents for a dog,2,truly_parallel,proscript,three_way_probe
look good for a dance,Put on makeup,Put on underwear,2,truly_parallel,proscript,three_way_probe
donate to charity,Enter the amount to donate,Enter financial information,2,truly_parallel,proscript,three_way_probe
get a pet,Get directions and hours of operation,Check which local shelters are nearby,0,reversed,reversed_edge,three_way_probe
start taking a lunch to school,Pack lunch once finish cooking,prepare and cook meal at home,0,reversed,reversed_edge,three_way_probe
own a small business,make a business plan,find a location that is good,1,confirmed,confirmed_edge,three_way_probe
go to Greece,Pack up suitcases,Drive to the airport,1,confirmed,confirmed_edge,three_way_probe
buy bread at the store,walk in the store,find the bread section,1,confirmed,confirmed_edge,three_way_probe
live a healthier lifestyle,purchase a selection of vegetables,purchase a selection of fruits,2,truly_parallel,proscript,three_way_probe
make some brownies,Get out a mixing bowl,Preheat the oven,0,reversed,reversed_edge,three_way_probe
go on the school field trip,Put in back pack,Pack a lunch,0,reversed,reversed_edge,three_way_probe
find a new book to read,take book to cashier,pay for the book,1,confirmed,confirmed_edge,three_way_probe
start a company,Decide on a company name,Decide the company's field,2,truly_parallel,proscript,three_way_probe
go on a rollercoaster,Order tickets online.,Drive to the park.,1,confirmed,confirmed_edge,three_way_probe
throw the best Halloween party,place a lighted jack-o-lantern on the porch,purchase assorted scary decorations,2,truly_parallel,proscript,three_way_probe
start to eat healthy,make a list of groceries,go to the store for the groceries,1,confirmed,confirmed_edge,three_way_probe
get well fast,go to the store,pick up medicine,1,confirmed,confirmed_edge,three_way_probe
get in better shape,do exercises off the list each day,track fitness progress with an app,1,confirmed,confirmed_edge,three_way_probe
go on the school field trip,Return signed permission slip to school,Pack a lunch,1,confirmed,confirmed_edge,three_way_probe
buy a cheap pair of shoes,get in the car,drive to a cheap shoe store,1,confirmed,confirmed_edge,three_way_probe
make a living performing,work for free,study performing with mentors,2,truly_parallel,proscript,three_way_probe
give up chocolate for Lent,Talk with the priest.,Pray and abstain from chocolate,1,confirmed,confirmed_edge,three_way_probe
throw a party,gather party supplies,gather food for party,2,truly_parallel,proscript,three_way_probe
get more involved,ask questions about the child's day,plan activities together,2,truly_parallel,proscript,three_way_probe
go home for the holidays,Pack clothes and items for trip.,Schedule days off work.,0,reversed,reversed_edge,three_way_probe
know why religion was so controversial,read books on religion,use the internet to research,2,truly_parallel,proscript,three_way_probe
head to the park,get dress for the park,look up directions to the park,1,confirmed,confirmed_edge,three_way_probe
build a snowman,start rolling snow into large balls,walk outside into the yard,0,reversed,reversed_edge,three_way_probe
plant a tomato plant,Purchase potting soil and a pot.,Purchase tomato seedling.,2,truly_parallel,proscript,three_way_probe
make pasta with fresh mushrooms,go to the store,"buy mushrooms, pasta, and sauce",1,confirmed,confirmed_edge,three_way_probe
play the piano,warm up on the piano,play the music on the piano,1,confirmed,confirmed_edge,three_way_probe
get out of the house,Turn the handle,Open the  door,1,confirmed,confirmed_edge,three_way_probe
make some chicken tenders for supper,get out baking pan,lay down tinfoil,1,confirmed,confirmed_edge,three_way_probe
collect bacteria samples,Close the plastic bag,Place the sample inside a clean plastic bag,0,reversed,reversed_edge,three_way_probe
try making bagels,Take notes on how to make bagels.,Drive to the store.,1,confirmed,confirmed_edge,three_way_probe
learn to bake a cake,Choose a popular video.,Search for baking cakes.,0,reversed,reversed_edge,three_way_probe
make a good impression at the upcoming dance,go to store,practice etiquette at home,2,truly_parallel,proscript,three_way_probe
get across town to the store,put on right sock,put on left sock,2,truly_parallel,proscript,three_way_probe
speak a lot of languages,Wait for delivery,Open and unpack books,1,confirmed,confirmed_edge,three_way_probe
bake from scratch,turn on stove or oven,get out pots and pans,2,truly_parallel,proscript,three_way_probe
make homemade potato chips,scrub and peel potatoes,look up a potato chip recipe,0,reversed,reversed_edge,three_way_probe
go to the store,put on shoes,leave the house,1,confirmed,confirmed_edge,three_way_probe
make homemade pizza,spread dough on pizza pan,mix ingredients to make dough,0,reversed,reversed_edge,three_way_probe
have a house party,Shop for  refreshments,Make a list of potential guests,2,truly_parallel,proscript,three_way_probe
learn to french braid,Watch a tutorial on french braiding,Go online with browser,0,reversed,reversed_edge,three_way_probe
lose 20 pounds before summer,Check the scale,Practice healthy eating,0,reversed,reversed_edge,three_way_probe
try to skateboard,Wait for skateboard to arrive.,Unpack skateboard package.,1,confirmed,confirmed_edge,three_way_probe
know why religion was so controversial,watch movies on religion,talk to local authorities on the matter,2,truly_parallel,proscript,three_way_probe
buy a dog,Pick out a dog,Drive to the pound,0,reversed,reversed_edge,three_way_probe
get a brand new TV,drive to an electronics store,look at reviews for televisions,2,truly_parallel,proscript,three_way_probe
buy a purple blouse,drive to the store,find a store close that has the blouse,0,reversed,reversed_edge,three_way_probe
start a comic book,Storyboard the story,Draw the final artwork and letter in the dialog,1,confirmed,confirmed_edge,three_way_probe
go back to school,Organize school supplies and books,Go to store and buy school supplies,0,reversed,reversed_edge,three_way_probe
make a smoothie,Drive to the store,Pick out smoothie ingredients,1,confirmed,confirmed_edge,three_way_probe
buy a puppy,choose a dog,take the dog to the cashier,1,confirmed,confirmed_edge,three_way_probe
have some fun,decide to have some fun,take a shower,1,confirmed,confirmed_edge,three_way_probe
put away some blocks,Pick up bin to put blocks in,Scan area for block pieces,2,truly_parallel,proscript,three_way_probe
have a birthday party,decide on a location for the party,invite people to the party,2,truly_parallel,proscript,three_way_probe
have a nerf gun war,scatter in all directions,hide behind trees and buildings,2,truly_parallel,proscript,three_way_probe
win the lottery,ask to buy a lottery ticket from clerk,pick numbers for the ticket,1,confirmed,confirmed_edge,three_way_probe
make chicken noodle soup,buy chicken noodle soup at the store,drive back home,1,confirmed,confirmed_edge,three_way_probe
take up golfing,See what the operational hours are.,Search online for local golf courses.,0,reversed,reversed_edge,three_way_probe
learn to ride a horse,sign up for lessons,go to first lesson,1,confirmed,confirmed_edge,three_way_probe
try every flavor of ice cream at the shop,Drive to ice cream shop,Enter ice cream shop,1,confirmed,confirmed_edge,three_way_probe
live debt free,Cut back spending on unnecessary items,"Account for every penny you're spending, daily",0,reversed,reversed_edge,three_way_probe
work at a bank,drive to the bank,get the call for the interview,0,reversed,reversed_edge,three_way_probe
know why religion was so controversial,use the internet to research,read news articles about religion,2,truly_parallel,proscript,three_way_probe
start a book club,Pick out a book to read each week.,Pick a time and a place to meet every week.,2,truly_parallel,proscript,three_way_probe
go to clown school,Determine which clown school to attend.,Search for local clown schools.,0,reversed,reversed_edge,three_way_probe
start teaching piano lessons,find a student,create an ad,0,reversed,reversed_edge,three_way_probe
play varsity football,Start practicing with friends,Find the coach of the team,1,confirmed,confirmed_edge,three_way_probe
learn how to ballroom dance,call and make appointment to meet teacher,search on line for a ballroom teacher,0,reversed,reversed_edge,three_way_probe
make a fort,brainstorm a fort construction,find a fort location,2,truly_parallel,proscript,three_way_probe
do something crazy,Find something crazy that is doable.,Find something crazy to do that is safe.,2,truly_parallel,proscript,three_way_probe
know why religion was so controversial,read books on religion,ask friends and family for opinions and thoughts,2,truly_parallel,proscript,three_way_probe
have a child,carry baby in stomach,go into labor,1,confirmed,confirmed_edge,three_way_probe
make more money,Put in applications to places hiring.,Determine which jobs qualified for.,0,reversed,reversed_edge,three_way_probe
leave the house,Find keys and wallet,Put outside clothing on,2,truly_parallel,proscript,three_way_probe
leave the house,Find keys and wallet,Step outside the home,1,confirmed,confirmed_edge,three_way_probe
find a new book to read,choose the book,search sci-fi isle,0,reversed,reversed_edge,three_way_probe
replace a closet door,Gather tools needed,Go back home,0,reversed,reversed_edge,three_way_probe
live a healthier lifestyle,purchase lean white meats,throw out all the candy in the house,2,truly_parallel,proscript,three_way_probe
get a new library card,Look up local library,Go to the car,1,confirmed,confirmed_edge,three_way_probe
find a vaccine for the virus,enroll in university,take lots of classes,1,confirmed,confirmed_edge,three_way_probe
escape from prison,Watch the guards to learn the schedule,Get the plans for the prison,2,truly_parallel,proscript,three_way_probe
lose a few pounds over the summer,set new weight goal,develop exercise plan,1,confirmed,confirmed_edge,three_way_probe
visit the beach,Pack a beach bag with supplies.,Drive to the beach early.,1,confirmed,confirmed_edge,three_way_probe
get a new hat,turn car on.,drive to a clothing store.,1,confirmed,confirmed_edge,three_way_probe
live a healthier lifestyle,throw out all the snack foods,purchase a selection of vegetables,2,truly_parallel,proscript,three_way_probe
make chicken curry,find the spice aisle,pay for all the food,1,confirmed,confirmed_edge,three_way_probe
go to class because an oral report was due,Write cue cards,Practice what to say,1,confirmed,confirmed_edge,three_way_probe
learn to play the drums,Search the internet for lessons.,Go to the music store.,2,truly_parallel,proscript,three_way_probe
add a new product,Put appropriate labels on the shelf for the new product,Go to the back room,2,truly_parallel,proscript,three_way_probe
make extra money before college started,Choose a job from offers received,Work at the job to get money,1,confirmed,confirmed_edge,three_way_probe
learn to dance in time for prom,Go to a few more classes and learn more,Start learning basic moves,0,reversed,reversed_edge,three_way_probe
pry open a frozen car door,Hit ice with crow bar,Pour water on frozen door to loosen,0,reversed,reversed_edge,three_way_probe
eat Chinese food,Wait for food to come.,Eat the food.,1,confirmed,confirmed_edge,three_way_probe
have a daughter,Have sex without protection,Become officially pregnant,1,confirmed,confirmed_edge,three_way_probe
have a family dinner,Drive to grocery store,Call family members,2,truly_parallel,proscript,three_way_probe
get more involved,plan activities together,be on the lookout for unexplained shifts in behavior,2,truly_parallel,proscript,three_way_probe
play the trombone,pick out some sheet music to play,find trombone in the house,2,truly_parallel,proscript,three_way_probe
get unique shoes that would standout at school,turn on computer,search websites for unique pair of shoes,1,confirmed,confirmed_edge,three_way_probe
start an apple orchard,purchase a long hose,purchase apple seeds,2,truly_parallel,proscript,three_way_probe
go to a live music venue,Put on the clothes,Find appropriate clothing to wear.,0,reversed,reversed_edge,three_way_probe
get a six pack,get a personal trainer,setup weekly sessions,1,confirmed,confirmed_edge,three_way_probe
make some cookies,Set cookie tray with parchment paper,Preheat the oven,2,truly_parallel,proscript,three_way_probe
build a giant snowman,get dressed in warm clothes,Go outside in an open area,1,confirmed,confirmed_edge,three_way_probe
build a plane,put materials together,find a space to construct plane,0,reversed,reversed_edge,three_way_probe
live a healthier lifestyle,purchase a selection of fruits,throw out all the snack foods,2,truly_parallel,proscript,three_way_probe
have a nerf gun war,hide behind trees and buildings,pass out the nerf guns and ammo,0,reversed,reversed_edge,three_way_probe
build a giant snowman,"Get a scarf, a carrot, and rocks",get dressed in warm clothes,2,truly_parallel,proscript,three_way_probe
get a brand new TV,find a salesperson to ask about the TVs,look through the selection of TVs,2,truly_parallel,proscript,three_way_probe
sleep on the back porch,turn on nightlight,find pillows and blankets,0,reversed,reversed_edge,three_way_probe
go to the library downtown,put on shoes and clothing,check the bus schedule online,2,truly_parallel,proscript,three_way_probe
learn to whistle,Apply chapstick to dry lips,Watch videos online about whistling,0,reversed,reversed_edge,three_way_probe
do well on the upcoming test,Study the topic until understanding comes,Do research on the topic,0,reversed,reversed_edge,three_way_probe
get a cheeseburger,stand in line,order a cheeseburger,1,confirmed,confirmed_edge,three_way_probe
buy a purple blouse,drive to the store,find the purple blouse,1,confirmed,confirmed_edge,three_way_probe
learn how to play the guitar,watch video lessons,Buy a guitar,0,reversed,reversed_edge,three_way_probe
buy a new bike,walk into the bike shop.,look for a bike that meets needs.,1,confirmed,confirmed_edge,three_way_probe
learn to ride a bike,buy a bike,drive to store,0,reversed,reversed_edge,three_way_probe
learn how to make candy,begin making candy,secure the necessary ingredients,0,reversed,reversed_edge,three_way_probe
throw the best Halloween party,place a lighted jack-o-lantern on the porch,print out invitations on festive paper,2,truly_parallel,proscript,three_way_probe
replace a closet door,Remove old door,Gather tools needed,0,reversed,reversed_edge,three_way_probe
wake up for school,snooze alarm and roll over,burrow under warm blankets,1,confirmed,confirmed_edge,three_way_probe
buy a skeleton,locate the skeletons.,select a skeleton,1,confirmed,confirmed_edge,three_way_probe
knit a sweater,Drive the materials home,Start knitting a sweater,1,confirmed,confirmed_edge,three_way_probe
go pick up groceries for dinner,make a list of grocery items,get in car and go to store,1,confirmed,confirmed_edge,three_way_probe
play pro basketball,Work on basketball shots,Train up endurance,2,truly_parallel,proscript,three_way_probe
go fishing anymore,Find a body of water nearby,Wait for a nice day to go fishing,2,truly_parallel,proscript,three_way_probe
participate in a chess tournament,go to the chair when name is called,find a spot to wait until turn,0,reversed,reversed_edge,three_way_probe
give up chocolate for Lent,Talk with the priest.,Announce the intention of giving up chocolate for lent.,0,reversed,reversed_edge,three_way_probe
return a pair of pants to the store,walk to the store where the pants came from,stand in line at the register,1,confirmed,confirmed_edge,three_way_probe
go to the local water park,Search online for local water park,Put on swim suit,2,truly_parallel,proscript,three_way_probe
plant seeds after the winter,get a shovel,go into the shed,0,reversed,reversed_edge,three_way_probe
decided on a college soon,Prepare a college resume.,Mail resume to colleges.,1,confirmed,confirmed_edge,three_way_probe
bake some chocolate cookies,find a large mixing spoon,put all ingredients into bowl and mix,1,confirmed,confirmed_edge,three_way_probe
do stand-up at an open mic night,find an open mic night,learn a stand up routine,0,reversed,reversed_edge,three_way_probe
pry open a frozen car door,Hit ice with crow bar,Obtain a crowbar,0,reversed,reversed_edge,three_way_probe
start a Babysitters Club like in the books,print out bright colored flyers,call friends together with invitations,2,truly_parallel,proscript,three_way_probe
go on a scavenger hunt,Note the time and dates.,Drive to the location.,1,confirmed,confirmed_edge,three_way_probe
join the military,drive to enrollment center,look up enrollment centers,0,reversed,reversed_edge,three_way_probe
get out of town this past weekend,put gasoline in car,pack a bag of clothes,2,truly_parallel,proscript,three_way_probe
start a Babysitters Club like in the books,call friends together with invitations,print out bright colored flyers,2,truly_parallel,proscript,three_way_probe
go to the park,Lock the door.,Grab car keys.,0,reversed,reversed_edge,three_way_probe
learn how to speak Spanish,go to Duolingo,go to internet,0,reversed,reversed_edge,three_way_probe
go on vacation after studying hard in college,look at hotel prices,go online and look at flights,2,truly_parallel,proscript,three_way_probe
start a Notary business,find a property to locate the business in,get financing from a bank,2,truly_parallel,proscript,three_way_probe
go to the library downtown,check the bus schedule online,check the library's hours online,2,truly_parallel,proscript,three_way_probe
write a book,Prepare the work space.,Pick the topic to write about.,2,truly_parallel,proscript,three_way_probe
adopt a puppy,go to shelter,browse the dogs for adoption,1,confirmed,confirmed_edge,three_way_probe
cook something good,Head back home,Start following the recipe,1,confirmed,confirmed_edge,three_way_probe
drink only fresh milk,walk toward kitchen cabinet,walk toward refrigerator,2,truly_parallel,proscript,three_way_probe
join the basketball team,Turn up at tryout,Practice skill by performing,0,reversed,reversed_edge,three_way_probe
rent a cabin,research places to rent a cabin,fill out rental form,1,confirmed,confirmed_edge,three_way_probe
try a new diet,Follow new diet through week.,Prepare weekly meals that follow diet plan.,0,reversed,reversed_edge,three_way_probe
get across town to the store,find socks and shoes,put on right sock,1,confirmed,confirmed_edge,three_way_probe
sing songs for a living,get accepted to music school,go to college for music,1,confirmed,confirmed_edge,three_way_probe
play basketball throughout high school,play in the basketball games,practice at home,0,reversed,reversed_edge,three_way_probe
buy a denim jacket,pick out the best denim jacket,shop for denim jackets,0,reversed,reversed_edge,three_way_probe
start a butterfly garden,Receive garden items in mail.,Plant flowers and assemble other garden components.,1,confirmed,confirmed_edge,three_way_probe
get more involved,join a group of other parents,make time to eat together,2,truly_parallel,proscript,three_way_probe
make people happy,research things to do,make plans for the person,1,confirmed,confirmed_edge,three_way_probe
write a book,Create the main characters.,Pick the topic to write about.,0,reversed,reversed_edge,three_way_probe
know why religion was so controversial,talk to local authorities on the matter,use the internet to research,2,truly_parallel,proscript,three_way_probe
get away for a weekend,Experience travel location.,Check in local hotel.,0,reversed,reversed_edge,three_way_probe
play the piano,sit down at the piano,set up the sheet music,2,truly_parallel,proscript,three_way_probe
go to college,Decide which college to attend.,Fill out and submit college applications.,0,reversed,reversed_edge,three_way_probe
win the lottery,go home to wait for drawing,pick numbers for the ticket,0,reversed,reversed_edge,three_way_probe
start Varsity football,play on the regular teams,practice football at home,2,truly_parallel,proscript,three_way_probe
leave the house,Put on shoes,Check the mirror,2,truly_parallel,proscript,three_way_probe
sing songs for a living,record an album,start a band,0,reversed,reversed_edge,three_way_probe
throw the best Halloween party,purchase assorted scary decorations,place a lighted jack-o-lantern on the porch,2,truly_parallel,proscript,three_way_probe
start a comic book,Write an outline for the story,Write the story and dialog,1,confirmed,confirmed_edge,three_way_probe
get out of the house,unlock top lock,Find nearest exit,0,reversed,reversed_edge,three_way_probe
go to the library downtown,check the library's hours online,put on shoes and clothing,2,truly_parallel,proscript,three_way_probe
go school clothes shopping,ask mom to go clothes shopping,drive with mom to the mall,1,confirmed,confirmed_edge,three_way_probe
give up chocolate for Lent,Make a pact with family to stick to the plan.,Pray and abstain from chocolate,2,truly_parallel,proscript,three_way_probe
buy some ice cream,wait in the line,make an order,1,confirmed,confirmed_edge,three_way_probe
play video games,Find interesting games online with matching interests.,Search the Internet for good games.,2,truly_parallel,proscript,three_way_probe
rent a movie for the evening,decide on a movie to watch,drive to a red box,1,confirmed,confirmed_edge,three_way_probe
try fusion cuisine,Wait for the food to come,Order fusion cuisine,0,reversed,reversed_edge,three_way_probe
buy a new doll from the store,go into the store,find a nice doll to buy,1,confirmed,confirmed_edge,three_way_probe
get new socks,exit home through front door,open front door,0,reversed,reversed_edge,three_way_probe
get a new library card,Pick out books to take home,Drive to library,0,reversed,reversed_edge,three_way_probe
throw the best Halloween party,purchase an assortment of candies,print out invitations on festive paper,2,truly_parallel,proscript,three_way_probe
live a healthier lifestyle,purchase a selection of vegetables,purchase lean white meats,2,truly_parallel,proscript,three_way_probe
buy an XBox 1,read the reviews,research the different consoles,2,truly_parallel,proscript,three_way_probe
get new socks,find accessories section,walk to the shoe store,0,reversed,reversed_edge,three_way_probe
get a six pack,attend weekly sessions with trainer,sculpt and tone body as seen fit,1,confirmed,confirmed_edge,three_way_probe
make pizza at home,pay for the ingredients,drive back home,1,confirmed,confirmed_edge,three_way_probe
know why religion was so controversial,talk to local authorities on the matter,watch movies on religion,2,truly_parallel,proscript,three_way_probe
read a book for class,Receive the book in the mail,Read the book,1,confirmed,confirmed_edge,three_way_probe
get their computers ready,Turn on each computer,Open each computer,0,reversed,reversed_edge,three_way_probe
get some lunch,Microwave the leftovers,Pull out leftovers,0,reversed,reversed_edge,three_way_probe
buy a laptop,Search the Internet for laptop deals.,Open the Internet Browser.,0,reversed,reversed_edge,three_way_probe
get to the grocery store,gather the grocery bags,drive to the grocery store,0,reversed,reversed_edge,three_way_probe
learn to play the drums,Search the internet for lessons.,Watch lessons online.,1,confirmed,confirmed_edge,three_way_probe
learn to play the drums,Go to the music store.,Buy a set of drums.,1,confirmed,confirmed_edge,three_way_probe
play video games,Set up gaming system upon arrival.,Order games and gaming system online.,0,reversed,reversed_edge,three_way_probe
join the tennis team,Find a good tennis court nearby,Find someone to play tennis with,2,truly_parallel,proscript,three_way_probe
open a checking account,order paper checks,transfer money into checking account,2,truly_parallel,proscript,three_way_probe
take up boxing so bad,Travel to gym.,Purchase needed equipment.,0,reversed,reversed_edge,three_way_probe
know why religion was so controversial,use the internet to research,talk to local authorities on the matter,2,truly_parallel,proscript,three_way_probe
knit a sweater,Purchase the materials,Drive the materials home,1,confirmed,confirmed_edge,three_way_probe
exchange a shirt for a better size,head back to the service desk,explain intention to exchange,1,confirmed,confirmed_edge,three_way_probe
have a taco night,put out ingedients,drive back home,0,reversed,reversed_edge,three_way_probe
buy a purple blouse,find a store close that has the blouse,drive to the store,1,confirmed,confirmed_edge,three_way_probe
go to the hardware store for a faucet,pick out a faucet,drive to the hardware store,0,reversed,reversed_edge,three_way_probe
learn a new language,wait for the next weekly class,practice at home,1,confirmed,confirmed_edge,three_way_probe
have a birthday party,invite people to the party,decide on a location for the party,2,truly_parallel,proscript,three_way_probe
start teaching piano lessons,read articles on the piano,buy a piano,2,truly_parallel,proscript,three_way_probe
wake up early to go fishing,Set alarm for early morning,Take a shower to sleep better,2,truly_parallel,proscript,three_way_probe
go for a drive,get gas for the car,go for a drive to the location,1,confirmed,confirmed_edge,three_way_probe
get more involved,be on the lookout for unexplained shifts in behavior,plan activities together,2,truly_parallel,proscript,three_way_probe
catch some fish for food storage for winter,Search the Internet for fishing regulations.,Get a fishing license.,1,confirmed,confirmed_edge,three_way_probe
learn to make pot pies,gather materials together,turn on the oven,2,truly_parallel,proscript,three_way_probe
catch some fish for food storage for winter,Search for nearby streams.,Buy fishing equipment.,2,truly_parallel,proscript,three_way_probe
see what life was like up north,Look for jobs up north,Get new job up north,1,confirmed,confirmed_edge,three_way_probe
learn to make pot pies,serve the potpies on a plate,take the pies out to cool,0,reversed,reversed_edge,three_way_probe
give back to the world,call different charities for info on helping out,regularly donate to charities,1,confirmed,confirmed_edge,three_way_probe
join the school marching band,Ask to join the band.,Sign a waiver and pay a fee.,1,confirmed,confirmed_edge,three_way_probe
get more involved,make time to eat together,plan activities together,2,truly_parallel,proscript,three_way_probe
learn to whistle,Ask people who know how to whistle,Apply chapstick to dry lips,1,confirmed,confirmed_edge,three_way_probe
get into gardening,Buy local seeds at store,Use tools to till the ground for seeds,1,confirmed,confirmed_edge,three_way_probe
buy an XBox 1,watch videos of gameplay,read the reviews,2,truly_parallel,proscript,three_way_probe
learn how to play the violin,buy a violin,Research violin teachers,2,truly_parallel,proscript,three_way_probe
write a comic strip about youthful imagination,write dialogue for the comic strip,color the comic strip,2,truly_parallel,proscript,three_way_probe
plant an apple tree,buy an apple tree,shop for an apple tree,0,reversed,reversed_edge,three_way_probe
pick the volume in the car,Turn on radio,Start the car,0,reversed,reversed_edge,three_way_probe
go to NYC at christmas time,look up flights,book flights to destination,1,confirmed,confirmed_edge,three_way_probe
have a nerf gun war,shoot at anyone passing by,hide behind trees and buildings,0,reversed,reversed_edge,three_way_probe
expand their business scope,research the credentials needed,find a school that offers classes,2,truly_parallel,proscript,three_way_probe
look good for a dance,Take a shower and wash hair,Put on makeup,1,confirmed,confirmed_edge,three_way_probe
spend time outside,arrive at the exit.,disengage the latch mechanism for the exit.,1,confirmed,confirmed_edge,three_way_probe
know why religion was so controversial,read news articles about religion,ask friends and family for opinions and thoughts,2,truly_parallel,proscript,three_way_probe
learn how to play the piano,call piano teacher,find piano teachers,0,reversed,reversed_edge,three_way_probe
look good for a dance,Take a shower and wash hair,Dry and style hair,1,confirmed,confirmed_edge,three_way_probe
learn to dance ballet,Buy ballet shoes and outfits online,Look for a ballet school online,0,reversed,reversed_edge,three_way_probe
start a comic book,Think of an idea for a story,Decide on a setting,2,truly_parallel,proscript,three_way_probe
build a bridge to cross a stream in a park,Transport materials to the site,Buy materials to build the bridge,0,reversed,reversed_edge,three_way_probe
watch a movie on the DVD player,walk to the living room,decide on a movie,1,confirmed,confirmed_edge,three_way_probe
learn how to bake a loaf of bread,Buy ingredients for chosen recipe.,Find a recipe in the book.,0,reversed,reversed_edge,three_way_probe
look good for a dance,Put on underwear,Put on makeup,2,truly_parallel,proscript,three_way_probe
give up chocolate for Lent,Pray and abstain from chocolate,Talk with the priest.,0,reversed,reversed_edge,three_way_probe
own a boat,Travel to a merchant who sells boats,Accumulate resources to pay for the purchase of a boat.,0,reversed,reversed_edge,three_way_probe
see a new movie that was coming out,Check movie times,Search for local movie theaters,0,reversed,reversed_edge,three_way_probe
build a giant snowman,Put the scarf around the connection between the balls,Stack a smaller ball onto a larger ball,0,reversed,reversed_edge,three_way_probe
take a cruise,Go online with a browser,Search online for cruise package deals,1,confirmed,confirmed_edge,three_way_probe
know why religion was so controversial,talk to local authorities on the matter,read books on religion,2,truly_parallel,proscript,three_way_probe
live a healthier lifestyle,purchase a selection of vegetables,throw out all the candy in the house,2,truly_parallel,proscript,three_way_probe
learn how to drive,Take the drivers test,practice with permit or with someone else,0,reversed,reversed_edge,three_way_probe
make a good impression at the upcoming dance,practice etiquette at home,go to store,2,truly_parallel,proscript,three_way_probe
join the basketball team,Practice skill by performing,Turn up at tryout,1,confirmed,confirmed_edge,three_way_probe
learn how to dunk,Research equipment to help practice,Google how to increase vertical leap,0,reversed,reversed_edge,three_way_probe
run a half-marathon,Find out when a half-marathon is happening,Research how to train for a marathon,1,confirmed,confirmed_edge,three_way_probe
make a good impression at the upcoming dance,drive to dance,put on formal clothes,0,reversed,reversed_edge,three_way_probe
go rock climbing,Sign up for climbing,Drive over to rock climbing gym,0,reversed,reversed_edge,three_way_probe
sleep on the back porch,clear out a sleeping space,find pillows and blankets,1,confirmed,confirmed_edge,three_way_probe
have a family dinner,Drive home from store,Purchase groceries for dinner,0,reversed,reversed_edge,three_way_probe
learn more about human anatomy,sit down in a chair at the table,take the book to a table,0,reversed,reversed_edge,three_way_probe
see a new movie that was coming out,Check movie times,Purchase a ticket online,1,confirmed,confirmed_edge,three_way_probe
go rock climbing,Drive over to rock climbing gym,Sign up for climbing,1,confirmed,confirmed_edge,three_way_probe
bake some cupcakes,Purchase baking supplies,Drive to the grocery store,0,reversed,reversed_edge,three_way_probe
bake some chocolate cookies,find a large mixing spoon,find a large mixing bowl,2,truly_parallel,proscript,three_way_probe
find a new job,browse sites for jobs,search for jobs sites,0,reversed,reversed_edge,three_way_probe
go to the park,Put on shoes.,Check the weather.,0,reversed,reversed_edge,three_way_probe
get into gardening,Drive to local garden center,Buy local seeds at store,1,confirmed,confirmed_edge,three_way_probe
learn how to drive,practice with permit or with someone else,Practice driving on back roads or parking lots,2,truly_parallel,proscript,three_way_probe
eat a quick dinner,take a knife out,take peanut butter out of the pantry,2,truly_parallel,proscript,three_way_probe
join the cheerleading squad,Find out what routines have to be learned,Find out when the school is having cheerleader tryouts,0,reversed,reversed_edge,three_way_probe
play with dolls,purchase the dolls,select fun dolls to play with,0,reversed,reversed_edge,three_way_probe
have a dog,Put the dog in the car,Take the dog home,1,confirmed,confirmed_edge,three_way_probe
find a part time job,Fill out applications,Upload a resume,2,truly_parallel,proscript,three_way_probe
go mountain climbing,drive to the mountains,unload the gear,1,confirmed,confirmed_edge,three_way_probe
go to school today,turn off alarm,get out of bed,2,truly_parallel,proscript,three_way_probe
make chicken curry,go to the produce department,find the spice aisle,2,truly_parallel,proscript,three_way_probe
camp on the island,Unpack the supplies,Build a tent,1,confirmed,confirmed_edge,three_way_probe
find a part time job,Upload a resume,Fill out applications,2,truly_parallel,proscript,three_way_probe
use social media,"Open, Start phone",Grab the phone,0,reversed,reversed_edge,three_way_probe
live a healthier lifestyle,purchase a selection of fruits,throw out all the candy in the house,2,truly_parallel,proscript,three_way_probe
play the drums,get drumsticks from bedroom,leave the bedroom,1,confirmed,confirmed_edge,three_way_probe
go on a cruise,wait for the departure date,pack bags and luggage needed,2,truly_parallel,proscript,three_way_probe
make some bath soap last week,buy the needed ingredients,prepare a workspace,1,confirmed,confirmed_edge,three_way_probe
live a healthier lifestyle,purchase lean white meats,start prepare healthy dishes for each meal,1,confirmed,confirmed_edge,three_way_probe
bake a delicious peach pie,drive to the grocery store,right down ingredients needed for peach pie,0,reversed,reversed_edge,three_way_probe
do over a hundred push ups,Raise on hands and knees.,Lower to the floor.,1,confirmed,confirmed_edge,three_way_probe
throw a party,gather food for party,gather party supplies,2,truly_parallel,proscript,three_way_probe
have a child,become pregnant from sleeping with person,sleep with person,0,reversed,reversed_edge,three_way_probe
learn how to play the guitar,strum the strings,Press down strings,0,reversed,reversed_edge,three_way_probe
do research about dolphins,swim with the dolphins,interview specialists about dolphins,0,reversed,reversed_edge,three_way_probe
buy some ice cream,look up options in menu,wait in the line,2,truly_parallel,proscript,three_way_probe
see who can cook better wings,Go to the market,Setting a friendly bet with wife,0,reversed,reversed_edge,three_way_probe
wake up early to go fishing,Take a shower to sleep better,Head to bed,1,confirmed,confirmed_edge,three_way_probe
try online dating,ask match on a date,respond to messages from matches,0,reversed,reversed_edge,three_way_probe
bake some chocolate chip cookies,get out the ingredients,mix the dry ingredients,1,confirmed,confirmed_edge,three_way_probe
learn how to play every instrument,Search the Internet music lessons.,Watch the lessons for every instrument.,1,confirmed,confirmed_edge,three_way_probe
eat Chinese food,Give server the order.,Travel to restaurant.,0,reversed,reversed_edge,three_way_probe
adopt a cat from the animal shelter,ask to look at the adoptable cats,greet and mingle with the cats,1,confirmed,confirmed_edge,three_way_probe
live in a castle,Review search results.,Google castle for sale.,0,reversed,reversed_edge,three_way_probe
see a rhinoceros,Purchase ticket  for entry.,Travel to zoo during open-hours.,0,reversed,reversed_edge,three_way_probe
live a healthier lifestyle,purchase a selection of fruits,purchase lean white meats,2,truly_parallel,proscript,three_way_probe
borrow a pencil from the teacher,Ask the teacher for a pencil,Wait for the teacher to bring a pencil,1,confirmed,confirmed_edge,three_way_probe
add a new product,Go to the back room,Put appropriate labels on the shelf for the new product,2,truly_parallel,proscript,three_way_probe
make pasta with fresh mushrooms,take out a cutting board and knife,drive back home with ingredients,0,reversed,reversed_edge,three_way_probe
try wearing ripped jeans,Ask where ripped jeans are,Head to store,0,reversed,reversed_edge,three_way_probe
get out of town this past weekend,pack a bag of clothes,book a hotel,2,truly_parallel,proscript,three_way_probe
learn how to dunk,Wait for the equipment to arrive,Open equipment and start practicing,1,confirmed,confirmed_edge,three_way_probe
get in better shape,tape the paper with the regime to the fridge,write down an exercise regime,0,reversed,reversed_edge,three_way_probe
make ice cream,prepare blend until thick but smooth,add yoghurt and other flavorings desired,0,reversed,reversed_edge,three_way_probe
get another book from the library,drive to library,get library card,1,confirmed,confirmed_edge,three_way_probe
buy a book,Take the change from the cashier,Take the receipt from the cashier,2,truly_parallel,proscript,three_way_probe
learn how to make rice for months,buy 10 pounds of rice,go to the store,0,reversed,reversed_edge,three_way_probe
learn to swim,go to swim class each week,join the swim class,0,reversed,reversed_edge,three_way_probe
get out of town this past weekend,start the car,get into car,0,reversed,reversed_edge,three_way_probe
participate in a chess tournament,find a spot to wait until turn,check in at the registration desk,0,reversed,reversed_edge,three_way_probe
sleep on the back porch,say goodnight to everyone,find pillows and blankets,2,truly_parallel,proscript,three_way_probe
go pick up groceries for dinner,pick out the items,get in line and pay for items,1,confirmed,confirmed_edge,three_way_probe
go to Greece,Order tickets online,Pack up suitcases,1,confirmed,confirmed_edge,three_way_probe
bake from scratch,get out pots and pans,turn on stove or oven,2,truly_parallel,proscript,three_way_probe
do research about dolphins,find local marine specialists,go to the local library,2,truly_parallel,proscript,three_way_probe
throw the best Halloween party,purchase an assortment of candies,purchase assorted scary decorations,2,truly_parallel,proscript,three_way_probe
do a load of laundry,put dirty clothes in washing machine,put laundry soap on top of clothes,1,confirmed,confirmed_edge,three_way_probe
escape from prison,Watch the guards to learn the schedule,Steal a spoon from the cafeteria,2,truly_parallel,proscript,three_way_probe
take up golfing,Drive to a local golf store.,Search online for local golf courses.,2,truly_parallel,proscript,three_way_probe
get a new keyboard,Set up the keyboard upon arrival.,Pay for the keyboard.,0,reversed,reversed_edge,three_way_probe
buy a laptop,Open the Internet Browser.,Search the Internet for laptop deals.,1,confirmed,confirmed_edge,three_way_probe
learn how to play the guitar,Get guitar out,Press down strings,1,confirmed,confirmed_edge,three_way_probe
buy some headphones,watch a video review,find out what headphones are out there,0,reversed,reversed_edge,three_way_probe
learn how to drive,Practice driving on back roads or parking lots,practice with permit or with someone else,2,truly_parallel,proscript,three_way_probe
know why religion was so controversial,watch movies on religion,read books on religion,2,truly_parallel,proscript,three_way_probe
impress a group of popular girls at school,Determine who popular girls are.,Research popular girl interests.,2,truly_parallel,proscript,three_way_probe
go to Disneyland,find parking for car,drive to city of park,0,reversed,reversed_edge,three_way_probe
give back to the world,regularly donate to charities,volunteer to get donations for social causes,2,truly_parallel,proscript,three_way_probe
rent a movie for the evening,drive back home,pay for the movie,0,reversed,reversed_edge,three_way_probe
check out the ice cream shop nearby,walk out to car.,get in car.,1,confirmed,confirmed_edge,three_way_probe
have a pet frog,Get ready to go out,Drive to the pet store,1,confirmed,confirmed_edge,three_way_probe
give back to the world,regularly donate to charities,volunteer for eco friendly organizations,2,truly_parallel,proscript,three_way_probe
join the cheerleading squad,Add additional moves to impress the coach,Practice those routines over and over again,0,reversed,reversed_edge,three_way_probe
start to eat healthy,start eating according to the diet,go to the store for the groceries,0,reversed,reversed_edge,three_way_probe
have a nerf gun war,hide behind trees and buildings,scatter in all directions,2,truly_parallel,proscript,three_way_probe
get a dog,ask parents for a dog,look up shelters online,2,truly_parallel,proscript,three_way_probe
know why religion was so controversial,read books on religion,watch movies on religion,2,truly_parallel,proscript,three_way_probe
buy a book,Take the change from the cashier,Take the book from the cashier,2,truly_parallel,proscript,three_way_probe
pry open a frozen car door,Obtain water bottle,Obtain a crowbar,2,truly_parallel,proscript,three_way_probe
go to a party that weekend,go to the mall,look around the stores,1,confirmed,confirmed_edge,three_way_probe
wake up early to go fishing,Sleep soundly through the night,Head to bed,0,reversed,reversed_edge,three_way_probe
try a new diet,Prepare weekly meals that follow diet plan.,Follow new diet through week.,1,confirmed,confirmed_edge,three_way_probe
write a story,Write the first outline of the story.,Edit the story to correct mistakes.,1,confirmed,confirmed_edge,three_way_probe
get a new car,taken an Uber to a car dealership,talk to a salesman about cars,1,confirmed,confirmed_edge,three_way_probe
start an apple orchard,purchase apple seeds,purchase a long hose,2,truly_parallel,proscript,three_way_probe
learn how to practice ballet,Learn ballet moves from the instructor,Work on the ballet moves at home,1,confirmed,confirmed_edge,three_way_probe
build a garden last week,shop for different kinds of plants,drive the supplies back home,1,confirmed,confirmed_edge,three_way_probe
own a boat,Provide payment to the merchant to take ownership,Negotiate to establish a price for the selected boat,0,reversed,reversed_edge,three_way_probe
get more involved,be on the lookout for unexplained shifts in behavior,ask questions about the child's day,2,truly_parallel,proscript,three_way_probe
go home for the holidays,Drive to parents house.,Drive to hometown.,0,reversed,reversed_edge,three_way_probe
learn a new language,wait for the next weekly class,attended each class,2,truly_parallel,proscript,three_way_probe
throw the best Halloween party,place a lighted jack-o-lantern on the porch,purchase an assortment of candies,2,truly_parallel,proscript,three_way_probe
look good for a dance,Put on underwear,Take a shower and wash hair,0,reversed,reversed_edge,three_way_probe
make some cookies,Set cookie tray with parchment paper,Gather cookie ingredients,2,truly_parallel,proscript,three_way_probe
buy a skeleton,select a skeleton,locate the skeletons.,0,reversed,reversed_edge,three_way_probe
learn how to play poker like a professional,read poker books,log onto the internet,2,truly_parallel,proscript,three_way_probe
start an apple orchard,purchase a shovel,purchase apple seeds,2,truly_parallel,proscript,three_way_probe
make a living performing,study performing with mentors,work for free,2,truly_parallel,proscript,three_way_probe
make a fort,drive to the store,brainstorm a fort construction,0,reversed,reversed_edge,three_way_probe
attend gym today,Find one that has compatible hours.,Drive to the gym.,1,confirmed,confirmed_edge,three_way_probe
buy a book,Take the book from the cashier,Take the receipt from the cashier,2,truly_parallel,proscript,three_way_probe
go see a show in town,put clothes on,buy ticket for show,0,reversed,reversed_edge,three_way_probe
know why religion was so controversial,read books on religion,read news articles about religion,2,truly_parallel,proscript,three_way_probe
open a savings account,Grab an ID,Find a bank,0,reversed,reversed_edge,three_way_probe
learn how to eat with chopsticks,Pick up a small object with chopsticks.,Click chopsticks together.,0,reversed,reversed_edge,three_way_probe
start taking a lunch to school,prepare and cook meal at home,Pack lunch once finish cooking,1,confirmed,confirmed_edge,three_way_probe
make pasta with fresh mushrooms,turn on the stove,put two pots on the stove,2,truly_parallel,proscript,three_way_probe
get to the grocery store,drive to the grocery store,get the car keys,0,reversed,reversed_edge,three_way_probe
have a pet cat,Buy cat food,Buy a litter box,2,truly_parallel,proscript,three_way_probe
know why religion was so controversial,ask friends and family for opinions and thoughts,read news articles about religion,2,truly_parallel,proscript,three_way_probe
get gifts for their children,go to the store for gifts,order whatever gifts aren't in the store,1,confirmed,confirmed_edge,three_way_probe
build a giant snowman,Put carrot and rocks in center of the small ball,"Get a scarf, a carrot, and rocks",0,reversed,reversed_edge,three_way_probe
live a healthier lifestyle,purchase a selection of vegetables,throw out all the snack foods,2,truly_parallel,proscript,three_way_probe
impress a group of popular girls at school,Research popular girl interests.,Determine who popular girls are.,2,truly_parallel,proscript,three_way_probe
modify a file with comma separated data,Separate the data with commas.,Save the file.,1,confirmed,confirmed_edge,three_way_probe
pick apples in Vermont,look up flights,book flight to place,1,confirmed,confirmed_edge,three_way_probe
start a Babysitters Club like in the books,get permission from parents to use house,purchase snacks for the kids,1,confirmed,confirmed_edge,three_way_probe
get new socks,open front door,exit home through front door,1,confirmed,confirmed_edge,three_way_probe
run a half-marathon,Research how to train for a marathon,Research good clothes to wear,2,truly_parallel,proscript,three_way_probe
have a house party,Make a list of potential guests,Clean the house,2,truly_parallel,proscript,three_way_probe
go a haunted mansion,Research local haunted mansions.,Choose haunted mansion to visit.,1,confirmed,confirmed_edge,three_way_probe
get a brand new TV,look at reviews for televisions,drive to an electronics store,2,truly_parallel,proscript,three_way_probe
get out of town this past weekend,put gasoline in car,book a hotel,2,truly_parallel,proscript,three_way_probe
sit in the front seat of the car,take a shower,put clothes on,1,confirmed,confirmed_edge,three_way_probe
bake some cookies,bake cookies in oven,serve the cookies,1,confirmed,confirmed_edge,three_way_probe
do over a hundred push ups,Raise back up.,Lower to the floor.,0,reversed,reversed_edge,three_way_probe
learn to paint,Sign up for lessons,Go to art store,2,truly_parallel,proscript,three_way_probe
make some cookies,Bake the cookie dough into cookies,Scoop cookie dough onto cookie tray,0,reversed,reversed_edge,three_way_probe
put away some blocks,Scan area for block pieces,Pick up bin to put blocks in,2,truly_parallel,proscript,three_way_probe
take a trip to the beach,Get into car.,Determine which beach to visit.,0,reversed,reversed_edge,three_way_probe
go on a cruise for vacation,Pack up a suit case for trip,Show up to departure point on time,1,confirmed,confirmed_edge,three_way_probe
learn how to breakdance,Put on comfortable clothes,Look up breakdance tutorials online,2,truly_parallel,proscript,three_way_probe
let the church know about a fundraiser,call the church,get the person in charge on the line,1,confirmed,confirmed_edge,three_way_probe
take horseback riding lessons,Grab the reins,Mount the horse,1,confirmed,confirmed_edge,three_way_probe
buy a new laptop,hand required money to cashier,bring laptop to cashier,0,reversed,reversed_edge,three_way_probe
get a flu shot,Search the Internet for local flu shots.,Power on the computer.,0,reversed,reversed_edge,three_way_probe
wait for a bus,Buy a bus pass,Think of a destination to go to,2,truly_parallel,proscript,three_way_probe
pry open a frozen car door,Obtain a crowbar,Obtain water bottle,2,truly_parallel,proscript,three_way_probe
make sure the party was a huge success,Set up the food,Head home from the store,0,reversed,reversed_edge,three_way_probe
bake some chocolate chip cookies,mix the wet ingredients,mix the dry ingredients,2,truly_parallel,proscript,three_way_probe
use social media,Download Facebook from store,Go to app store,0,reversed,reversed_edge,three_way_probe
make Kool Aid to cool down,empty the packet of kool-aid into the pitcher,fill the pitcher with water,2,truly_parallel,proscript,three_way_probe
know why religion was so controversial,talk to local authorities on the matter,read news articles about religion,2,truly_parallel,proscript,three_way_probe
find a job,Make a resume.,Search the Internet for companies hiring.,1,confirmed,confirmed_edge,three_way_probe
find a job,Drive to the interview.,Interview for the job.,1,confirmed,confirmed_edge,three_way_probe
build a swing set in their backyard,put box with parts in yard,round up tools to use,2,truly_parallel,proscript,three_way_probe
rent a cabin,plan vacation with others,go to the internet,2,truly_parallel,proscript,three_way_probe
get a skin peel at a dermatologist office,Schedule skin peel appointment,Call dermatologist's office,0,reversed,reversed_edge,three_way_probe
do a load of laundry,fold clothing and put away,put clothes in dryer and wait for clothes to dry,0,reversed,reversed_edge,three_way_probe
buy a new dress for new years eve,look up a dress,figure out which specific one to buy,1,confirmed,confirmed_edge,three_way_probe
join the tennis team,Buy tennis gear from a sporting goods store.,Find someone to play tennis with,2,truly_parallel,proscript,three_way_probe
eat some french fries,cook the french fries,pre-heat the oven,0,reversed,reversed_edge,three_way_probe
learn how to line dance,Watch other dancers,Practice the steps,1,confirmed,confirmed_edge,three_way_probe
have a pet frog,Get ready to go out,Find local pet stores,0,reversed,reversed_edge,three_way_probe
do research about dolphins,go to the local library,find local marine specialists,2,truly_parallel,proscript,three_way_probe
mow the lawn today,check that all the parts are still working,start the mower,1,confirmed,confirmed_edge,three_way_probe
make dinner for some guests,Buy the ingredients on the list.,Drive to the grocery store.,0,reversed,reversed_edge,three_way_probe
go to space,apply at NASA station as an astronaut,get certified and appointed by NASA as astronaut,1,confirmed,confirmed_edge,three_way_probe
make chicken curry,pay for all the food,drive back home,1,confirmed,confirmed_edge,three_way_probe
make chicken curry,get some fresh chicken,find the spice aisle,2,truly_parallel,proscript,three_way_probe
play with dolls,select fun dolls to play with,purchase the dolls,1,confirmed,confirmed_edge,three_way_probe
get a job delivering papers,apply to newspaper jobs,drive to job interview,1,confirmed,confirmed_edge,three_way_probe
learn to cook,Receive book in the mail,Learn from the book,1,confirmed,confirmed_edge,three_way_probe
ride an elephant,Show up to reservation,Make a reservation online,0,reversed,reversed_edge,three_way_probe
learn how to paint,drive to the crafts store,browse painting supplies,1,confirmed,confirmed_edge,three_way_probe
see the natural beauty of Maine,take time off from work,get car inspected,2,truly_parallel,proscript,three_way_probe
start a comic book,Think of an idea for a story,Decide on characters for the story,2,truly_parallel,proscript,three_way_probe
know why religion was so controversial,read news articles about religion,watch movies on religion,2,truly_parallel,proscript,three_way_probe
start a book club,Find some friends who like books.,Tell the friends to join book club.,1,confirmed,confirmed_edge,three_way_probe
take a guy on a date,Find out when to pick up,Ask someone to go out,0,reversed,reversed_edge,three_way_probe
have a taco night,pay at the cashier,drive back home,1,confirmed,confirmed_edge,three_way_probe
make dinner for some guests,Unload and unpack the groceries.,Drive home from the store.,0,reversed,reversed_edge,three_way_probe
join a dance class,find dance class that is close,drive to location of dance class,1,confirmed,confirmed_edge,three_way_probe
decided on a college soon,Tour the college.,Prepare a college resume.,1,confirmed,confirmed_edge,three_way_probe
learn to bowl,Get assigned to a lane,Rent bowling gear,0,reversed,reversed_edge,three_way_probe
start a Babysitters Club like in the books,call friends together with invitations,get permission from parents to use house,2,truly_parallel,proscript,three_way_probe
build a snowman,put on gloves,put on hat,2,truly_parallel,proscript,three_way_probe
leave the house,Check the mirror,Put on shoes,2,truly_parallel,proscript,three_way_probe
look good for a dance,Dry and style hair,Put on makeup,2,truly_parallel,proscript,three_way_probe
go on a helicopter ride,Walk to staging area for getting on helicopter,Sit inside helicopter until flight is over,1,confirmed,confirmed_edge,three_way_probe
have fresh herbs to enjoy year-round,Purchase Soil for the pot,Purchase seeds for herbs,2,truly_parallel,proscript,three_way_probe
rent a cabin,research places to rent a cabin,go to the internet,0,reversed,reversed_edge,three_way_probe
make pasta with fresh mushrooms,put two pots on the stove,turn on the stove,2,truly_parallel,proscript,three_way_probe
wake up for school,burrow under warm blankets,turn off alarm,1,confirmed,confirmed_edge,three_way_probe
teach horseback riding,Schedule a time,Put together a class,0,reversed,reversed_edge,three_way_probe
learn to whistle,Purse lips together and blow,Apply chapstick to dry lips,0,reversed,reversed_edge,three_way_probe
catch some fish for food storage for winter,Buy fishing equipment.,Search for nearby streams.,2,truly_parallel,proscript,three_way_probe
start a company,Decide on a company name,Pinpoint something the person is good at or knowledgeable about,0,reversed,reversed_edge,three_way_probe
get into gardening,cover seeds with dirt,plant seeds in lined spaced rows,0,reversed,reversed_edge,three_way_probe
take anger out on a date,Find someone single.,Find someone attractive.,2,truly_parallel,proscript,three_way_probe
make some cookies,Preheat the oven,Gather cookie ingredients,2,truly_parallel,proscript,three_way_probe
try a cup of espresso,drive to the espresso shop,find out where to get a good espresso,0,reversed,reversed_edge,three_way_probe
learn to back flip,Set the item up when upon arrival.,Order a trampoline or a foam ball pit.,0,reversed,reversed_edge,three_way_probe
get a brand new TV,look through the selection of TVs,find a salesperson to ask about the TVs,2,truly_parallel,proscript,three_way_probe
spend time outside,arrive at the exit.,move towards the exit.,0,reversed,reversed_edge,three_way_probe
take up golfing,Play some golf.,Drive to the golf course.,0,reversed,reversed_edge,three_way_probe
buy some music equipment,Add to cart and buy,Read the specifications and reviews,0,reversed,reversed_edge,three_way_probe
go to the store,grab car keys,put on shoes,2,truly_parallel,proscript,three_way_probe
learn figure drawing,Obtain blank paper,Locate an eraser,2,truly_parallel,proscript,three_way_probe
move into a new apartment,visit the apartment,find an apartment to visit,0,reversed,reversed_edge,three_way_probe
get out of town this past weekend,pack a bag of clothes,put gasoline in car,2,truly_parallel,proscript,three_way_probe
open a savings account,Get approved for an account,Fill out paperwork,0,reversed,reversed_edge,three_way_probe
learn how to line dance,Sign up for a dance class,Watch other dancers,2,truly_parallel,proscript,three_way_probe
move into a new apartment,pack up the old apartment,sign a lease,0,reversed,reversed_edge,three_way_probe
mow the lawn today,check that all the parts are still working,make sure mower has enough gas,2,truly_parallel,proscript,three_way_probe
help raise money for public television,Turn all donations over to the station,"Spend the day engaging in fundraising techniques, like phone banking",0,reversed,reversed_edge,three_way_probe
see what life was like up north,Pack up belongings into moving van,Drive up north,1,confirmed,confirmed_edge,three_way_probe
get a job delivering papers,browse craigslist for a job,create a resume,2,truly_parallel,proscript,three_way_probe
sing in the choir,show up to rehearsals for choir,audition for the choir,0,reversed,reversed_edge,three_way_probe
own a boat,Make a selection of the type of boat to purchase,Travel to a merchant who sells boats,0,reversed,reversed_edge,three_way_probe
hire a new chef,send a job offer to the best chef,pick the best chefs of the group,0,reversed,reversed_edge,three_way_probe
buy a new pair of earrings,pay for the best earrings,try on earrings,0,reversed,reversed_edge,three_way_probe
get more involved,ask questions about the child's day,join a group of other parents,2,truly_parallel,proscript,three_way_probe
start making big money,Receive an interview,Get hired in the company,1,confirmed,confirmed_edge,three_way_probe
start to eat healthy,research healthy diets,pick out a new diet,1,confirmed,confirmed_edge,three_way_probe
buy bread at the store,compare the types of bread,find the bread section,0,reversed,reversed_edge,three_way_probe
adopt a cat from the animal shelter,drive to the animal shelter,buy cat carrier,0,reversed,reversed_edge,three_way_probe
see the banana plantations,Schedule an appointment,Drive to the location,1,confirmed,confirmed_edge,three_way_probe
go to the theme park,find a parking spot,drive to the theme park,0,reversed,reversed_edge,three_way_probe
make some chicken tenders for supper,take chicken nuggets from freezer,pre-heat the oven,2,truly_parallel,proscript,three_way_probe
look good for a dance,Dry and style hair,Put on underwear,2,truly_parallel,proscript,three_way_probe
get more involved,plan activities together,ask questions about the child's day,2,truly_parallel,proscript,three_way_probe
get a dog,play with some of the dogs,get driven to an animal shelter,0,reversed,reversed_edge,three_way_probe
learn how to breakdance,Practice the moves,Find a large space to dance in,0,reversed,reversed_edge,three_way_probe
buy a book,Take the receipt from the cashier,Take the change from the cashier,2,truly_parallel,proscript,three_way_probe
camp on the island,Pack items needed,Schedule a camping trip,0,reversed,reversed_edge,three_way_probe
have a nerf gun war,pass out the nerf guns and ammo,take nerf guns out of the closet,0,reversed,reversed_edge,three_way_probe
purchase a new car,test drive cars,select car wanted,1,confirmed,confirmed_edge,three_way_probe
go to class because an oral report was due,Practice what to say,Write cue cards,0,reversed,reversed_edge,three_way_probe
make a robot,Purchase the equipment,Receive equipment through the mail,1,confirmed,confirmed_edge,three_way_probe
add a new product,Go to the back room,Clear out some space on the shelf,0,reversed,reversed_edge,three_way_probe
give back to the world,volunteer for eco friendly organizations,volunteer to get donations for social causes,2,truly_parallel,proscript,three_way_probe
get more involved,talk to the child's teachers,be on the lookout for unexplained shifts in behavior,2,truly_parallel,proscript,three_way_probe
bake some chocolate chip cookies,mix the dry ingredients,mix the wet ingredients,2,truly_parallel,proscript,three_way_probe
learn to bake a cake,Read reviews and comments.,Choose a popular video.,0,reversed,reversed_edge,three_way_probe
make some Popsicles,gather ingredients in kitchen,mix ingredients together,1,confirmed,confirmed_edge,three_way_probe
attract more customers,Determine target customer audience.,Research new marketing tactics.,1,confirmed,confirmed_edge,three_way_probe
get more involved,be on the lookout for unexplained shifts in behavior,join a group of other parents,2,truly_parallel,proscript,three_way_probe
take a nap,Lay down on couch.,Shut eyes to rest.,1,confirmed,confirmed_edge,three_way_probe
get a cheeseburger,put on clothes,decide what kind of cheeseburger to buy,2,truly_parallel,proscript,three_way_probe
go to Walmart,open the car door,sit in the driver seat,1,confirmed,confirmed_edge,three_way_probe
get their computers ready,Plug each computer in,Turn on each computer,1,confirmed,confirmed_edge,three_way_probe
test computer image recognition,open software for image recognition,upload the image,1,confirmed,confirmed_edge,three_way_probe
find cheaper tickets to the concert,return the old tickets,buy the new tickets,1,confirmed,confirmed_edge,three_way_probe
go elephant riding,get out of the car,buy the tickets,1,confirmed,confirmed_edge,three_way_probe
earn a pizza party at school,Get everyone to work together,Tell other students about the pizza party,0,reversed,reversed_edge,three_way_probe
know why religion was so controversial,ask friends and family for opinions and thoughts,use the internet to research,2,truly_parallel,proscript,three_way_probe
go on a vacation in another country,Talk with travel agent to get a package deal.,Research the country,2,truly_parallel,proscript,three_way_probe
save enough money for a new car,Count the savings in the bank account.,Save extra money from the paycheck.,0,reversed,reversed_edge,three_way_probe
know why religion was so controversial,watch movies on religion,read news articles about religion,2,truly_parallel,proscript,three_way_probe
learn an instrument,Go to local store,Decide on what instrument to play,0,reversed,reversed_edge,three_way_probe
make some cookies,Mix ingredients together into cookie dough,Scoop cookie dough onto cookie tray,1,confirmed,confirmed_edge,three_way_probe
make some cookies,Set cookie tray with parchment paper,Scoop cookie dough onto cookie tray,1,confirmed,confirmed_edge,three_way_probe
learn a new language,attended each class,wait for the next weekly class,2,truly_parallel,proscript,three_way_probe
get their computers ready,Plug each computer in,Open each computer,2,truly_parallel,proscript,three_way_probe
get away for a weekend,Drive to destination city.,Load suitcase in car.,0,reversed,reversed_edge,three_way_probe
own a dog,search for pet stores,drive to the pet store,1,confirmed,confirmed_edge,three_way_probe
participate in a chess tournament,run through possible strategies,go to the chair when name is called,1,confirmed,confirmed_edge,three_way_probe
get well fast,pay the cashier,pick up medicine,0,reversed,reversed_edge,three_way_probe
learn how to garden,Select a spot for the garden.,Plant the first garden.,1,confirmed,confirmed_edge,three_way_probe
add a new product,Put appropriate labels on the shelf for the new product,Clear out some space on the shelf,0,reversed,reversed_edge,three_way_probe
go back to school,Get list of books needed,Get list of school supplies needed,2,truly_parallel,proscript,three_way_probe
earn some cash over the summer,print the flyers,type up flyers offering to do handy work,0,reversed,reversed_edge,three_way_probe
go fishing anymore,Wait for a nice day to go fishing,Travel to the body of water with the fishing equipment,1,confirmed,confirmed_edge,three_way_probe
go in the navy,Meet with the recruiter,Set an appointment,0,reversed,reversed_edge,three_way_probe
expand their business scope,find a school that offers classes,enroll in classes,1,confirmed,confirmed_edge,three_way_probe
get a cheeseburger,decide what kind of cheeseburger to buy,put on clothes,2,truly_parallel,proscript,three_way_probe
make sure the party was a huge success,Set up the party decorations,Set up the food,2,truly_parallel,proscript,three_way_probe
learn to cook,Purchase the book,Receive book in the mail,1,confirmed,confirmed_edge,three_way_probe
write a book,Have the book published,Send to editor for suggestions and make revisions,2,truly_parallel,proscript,three_way_probe
make a cake,mix the ingredients,take out ingredients and equipment,0,reversed,reversed_edge,three_way_probe
create a video game,Learn to use an existing game engine,Program the game,1,confirmed,confirmed_edge,three_way_probe
escape from prison,Get the plans for the prison,Watch the guards to learn the schedule,2,truly_parallel,proscript,three_way_probe
take up boxing so bad,Pick gym that has boxing instructor.,Purchase needed equipment.,1,confirmed,confirmed_edge,three_way_probe
bake some chocolate chip cookies,place on tray 2 inches apart,bake in an oven,1,confirmed,confirmed_edge,three_way_probe
take a cruise,Go online with a browser,turn on computer,0,reversed,reversed_edge,three_way_probe
work at a clothing store,Create a resume,Apply for jobs at retail stores,1,confirmed,confirmed_edge,three_way_probe
talk to the new girl in school,When the time is right walk up to her.,Make a plan to approach the girl.,0,reversed,reversed_edge,three_way_probe
have a house party,Clean the house,Shop for  refreshments,2,truly_parallel,proscript,three_way_probe
drink only fresh milk,place glass and milk carton on counter,open cabinet and grab glass,0,reversed,reversed_edge,three_way_probe
get a job delivering papers,create a resume,browse craigslist for a job,2,truly_parallel,proscript,three_way_probe
get in better shape,make a list of healthy foods,write down an exercise regime,2,truly_parallel,proscript,three_way_probe
go to the store,make a list of things to buy,put on shoes,2,truly_parallel,proscript,three_way_probe
get in shape,increase time of activity as the exercise gets easier,do the activity for six months,1,confirmed,confirmed_edge,three_way_probe
make ice cream,add yoghurt and other flavorings desired,prepare blend until thick but smooth,1,confirmed,confirmed_edge,three_way_probe
take a trip to the beach,Park car at beach lot.,Drive to beach.,0,reversed,reversed_edge,three_way_probe
bench press two hundred pounds,work out with weights every other day for three months,set up weight bench in basement,0,reversed,reversed_edge,three_way_probe
throw the best Halloween party,print out invitations on festive paper,place a lighted jack-o-lantern on the porch,2,truly_parallel,proscript,three_way_probe
go back to school,Go to store and buy school supplies,Organize school supplies and books,1,confirmed,confirmed_edge,three_way_probe
eat spicy sushi,when order arrives grab chopsticks,wait for order to arrive,0,reversed,reversed_edge,three_way_probe
meet a friend,Make plans to meet,Call up friend,0,reversed,reversed_edge,three_way_probe
buy some music equipment,Specify with music equipment,Search for music equipment,0,reversed,reversed_edge,three_way_probe
buy a new pair of earrings,drive to a jewelry store,walk into the jewelry store,1,confirmed,confirmed_edge,three_way_probe
go to a party that weekend,choose an outfit,pay for the outfit,1,confirmed,confirmed_edge,three_way_probe
catch some fish for food storage for winter,Get a fishing license.,Search for nearby streams.,1,confirmed,confirmed_edge,three_way_probe
make pasta with fresh mushrooms,"buy mushrooms, pasta, and sauce",go to the store,0,reversed,reversed_edge,three_way_probe
build a snowman,decide to build a snowman,put on coat,1,confirmed,confirmed_edge,three_way_probe
play video games,Search the Internet for good games.,Find interesting games online with matching interests.,2,truly_parallel,proscript,three_way_probe
go to class because an oral report was due,Go to class,Give the report,1,confirmed,confirmed_edge,three_way_probe
buy a guitar,Try out guitars,Drive to guitar shop,0,reversed,reversed_edge,three_way_probe
throw a party,gather party supplies,set up party food and decor,1,confirmed,confirmed_edge,three_way_probe
take a nap,Shut eyes to rest.,Lay down on couch.,0,reversed,reversed_edge,three_way_probe
know why religion was so controversial,watch movies on religion,use the internet to research,2,truly_parallel,proscript,three_way_probe
write a book,Have the book published,Write the book.,0,reversed,reversed_edge,three_way_probe
make some chicken tenders for supper,pre-heat the oven,take chicken nuggets from freezer,2,truly_parallel,proscript,three_way_probe
throw the best Halloween party,hang up the scary decorations,purchase assorted scary decorations,0,reversed,reversed_edge,three_way_probe
take anger out on a date,Find someone attractive.,Find someone single.,2,truly_parallel,proscript,three_way_probe
have a taco night,cook desired meat(s),put out ingedients,0,reversed,reversed_edge,three_way_probe
buy a book,Take the receipt from the cashier,Take the book from the cashier,2,truly_parallel,proscript,three_way_probe
go to class because an oral report was due,Do research for the report,Write an outline,1,confirmed,confirmed_edge,three_way_probe
collect bacteria samples,Wear suitable left glove,Wear suitable right glove,2,truly_parallel,proscript,three_way_probe
start teaching piano lessons,create an ad,read articles on the piano,0,reversed,reversed_edge,three_way_probe
learn how to play card games,Wait for the book and cards to be delivered,Purchase a set of cards,0,reversed,reversed_edge,three_way_probe
go fishing anymore,Wait for a nice day to go fishing,Find a body of water nearby,2,truly_parallel,proscript,three_way_probe
see a movie,buy movie tickets online,decide on a movie,0,reversed,reversed_edge,three_way_probe
decided on a college soon,Drive to college.,Schedule a visit to colleges.,0,reversed,reversed_edge,three_way_probe
eat spicy sushi,order some spicy sushi,drive to sushi restaurant,0,reversed,reversed_edge,three_way_probe
take a cruise,Make reservations online,Pack a suit case for the trip,1,confirmed,confirmed_edge,three_way_probe
take a trip to the beach,Drive to beach.,Park car at beach lot.,1,confirmed,confirmed_edge,three_way_probe
start an apple orchard,purchase a long hose,purchase a shovel,2,truly_parallel,proscript,three_way_probe
try every flavor of ice cream at the shop,Enter ice cream shop,Speak to attendant,1,confirmed,confirmed_edge,three_way_probe
learn figure drawing,Locate an eraser,Find a pencil,2,truly_parallel,proscript,three_way_probe
go to the local water park,Purchase tickets to park,Get into vehicle,1,confirmed,confirmed_edge,three_way_probe
build a swing set in their backyard,round up tools to use,put box with parts in yard,2,truly_parallel,proscript,three_way_probe
leave the house,Put outside clothing on,Find keys and wallet,2,truly_parallel,proscript,three_way_probe
go on the school field trip,Put in back pack,Take back pack to school,1,confirmed,confirmed_edge,three_way_probe
play the trombone,blow musical notes through mouthpiece,hold trombone up to lips,0,reversed,reversed_edge,three_way_probe
get a brand new TV,drive to an electronics store,find a salesperson to ask about the TVs,1,confirmed,confirmed_edge,three_way_probe
go elephant riding,give the tickets for the ride,buy the tickets,0,reversed,reversed_edge,three_way_probe
start a comic book,Decide on characters for the story,Think of an idea for a story,2,truly_parallel,proscript,three_way_probe
go bike riding,put on shoes,walk out to garage,1,confirmed,confirmed_edge,three_way_probe
make a living performing,make a name performing,work for free,0,reversed,reversed_edge,three_way_probe
have a house party,Clean the house,Make a list of potential guests,2,truly_parallel,proscript,three_way_probe
have a nerf gun war,hide behind trees and buildings,shoot at anyone passing by,1,confirmed,confirmed_edge,three_way_probe
get Chinese food,Find a restaurant on a computer,Look at the menu,1,confirmed,confirmed_edge,three_way_probe
live debt free,Find a way to make extra money,"Account for every penny you're spending, daily",2,truly_parallel,proscript,three_way_probe
run a computer program,let the program start up,click the program,0,reversed,reversed_edge,three_way_probe
sail the seven seas,ask boat captain to join the crew,negotiate a fair deal,1,confirmed,confirmed_edge,three_way_probe
get more involved,ask questions about the child's day,be on the lookout for unexplained shifts in behavior,2,truly_parallel,proscript,three_way_probe
go to space,after high school go to college for bachelors,apply to join honors program,2,truly_parallel,proscript,three_way_probe
have a nerf gun war,take nerf guns out of the closet,take nerf gun ammo out of the closet,2,truly_parallel,proscript,three_way_probe
play the trombone,find trombone in the house,pick out some sheet music to play,2,truly_parallel,proscript,three_way_probe
throw a party,gather party supplies,invite guests to party,0,reversed,reversed_edge,three_way_probe
have a house party,Select music for the party,Clean the house,2,truly_parallel,proscript,three_way_probe
